This file contains any messages produced by compilers while
running configure, to aid debugging if configure makes a mistake.

It was created by ViennaRNA configure 2.6.4, which was
generated by GNU Autoconf 2.71.  Invocation command line was

  $ ./configure --prefix=/mnt/c/Users/ama55id/Nextcloud/RNA_analyzer/rnaanalyzer/bin/ViennaRNA-2.6.4/

## --------- ##
## Platform. ##
## --------- ##

hostname = wbbiad010
uname -m = x86_64
uname -r = 5.15.153.1-microsoft-standard-WSL2
uname -s = Linux
uname -v = #1 SMP Fri Mar 29 23:14:13 UTC 2024

/usr/bin/uname -p = x86_64
/bin/uname -X     = unknown

/bin/arch              = x86_64
/usr/bin/arch -k       = unknown
/usr/convex/getsysinfo = unknown
/usr/bin/hostinfo      = unknown
/bin/machine           = unknown
/usr/bin/oslevel       = unknown
/bin/universe          = unknown

PATH: /home/ama55id/miniconda3/bin/
PATH: /home/ama55id/miniconda3/condabin/
PATH: /usr/local/sbin/
PATH: /usr/local/bin/
PATH: /usr/sbin/
PATH: /usr/bin/
PATH: /sbin/
PATH: /bin/
PATH: /usr/games/
PATH: /usr/local/games/
PATH: /usr/lib/wsl/lib/
PATH: /mnt/c/Program Files/Amazon Corretto/jdk17.0.10_7/bin/
PATH: /mnt/c/Applied Biosystems/StepOne Software v2.3/bin/
PATH: /mnt/c/Applied Biosystems/StepOne Software v2.3/eclipse/
PATH: /mnt/c/Applied Biosystems/StepOne Software v2.3/eclipse/plugins/com.apldbio.sds.experiment.genotyping_2.1.0/bin/
PATH: /mnt/c/Applied Biosystems/StepOne Software v2.3/eclipse/plugins/com.apldbio.sds.experiment.genotyping_2.1.0/bin/bin/win32/
PATH: /mnt/c/WINDOWS/system32/
PATH: /mnt/c/WINDOWS/
PATH: /mnt/c/WINDOWS/System32/Wbem/
PATH: /mnt/c/WINDOWS/System32/WindowsPowerShell/v1.0/
PATH: /mnt/c/WINDOWS/System32/OpenSSH/
PATH: /mnt/c/Program Files/Microsoft VS Code/bin/
PATH: /mnt/c/Program Files/TreeViewer/
PATH: /mnt/c/Strawberry/c/bin/
PATH: /mnt/c/Strawberry/perl/site/bin/
PATH: /mnt/c/Strawberry/perl/bin/
PATH: /mnt/c/Program Files/Geneious Prime/
PATH: /mnt/c/Users/ama55id/AppData/Local/Microsoft/WindowsApps/
PATH: /mnt/c/Users/ama55id/AppData/Local/Programs/Git/cmd/
PATH: /snap/bin/


## ----------- ##
## Core tests. ##
## ----------- ##

configure:3460: looking for aux files: tap-driver.sh ltmain.sh ar-lib config.guess config.sub missing install-sh compile
configure:3473:  trying ./config/
configure:3502:   ./config/tap-driver.sh found
configure:3502:   ./config/ltmain.sh found
configure:3502:   ./config/ar-lib found
configure:3502:   ./config/config.guess found
configure:3502:   ./config/config.sub found
configure:3502:   ./config/missing found
configure:3484:   ./config/install-sh found
configure:3502:   ./config/compile found
configure:3721: checking for gcc
configure:3742: found /usr/bin/gcc
configure:3753: result: gcc
configure:4106: checking for C compiler version
configure:4115: gcc --version >&5
gcc (Ubuntu 9.4.0-1ubuntu1~20.04.2) 9.4.0
Copyright (C) 2019 Free Software Foundation, Inc.
This is free software; see the source for copying conditions.  There is NO
warranty; not even for MERCHANTABILITY or FITNESS FOR A PARTICULAR PURPOSE.

configure:4126: $? = 0
configure:4115: gcc -v >&5
Using built-in specs.
COLLECT_GCC=gcc
COLLECT_LTO_WRAPPER=/usr/lib/gcc/x86_64-linux-gnu/9/lto-wrapper
OFFLOAD_TARGET_NAMES=nvptx-none:hsa
OFFLOAD_TARGET_DEFAULT=1
Target: x86_64-linux-gnu
Configured with: ../src/configure -v --with-pkgversion='Ubuntu 9.4.0-1ubuntu1~20.04.2' --with-bugurl=file:///usr/share/doc/gcc-9/README.Bugs --enable-languages=c,ada,c++,go,brig,d,fortran,objc,obj-c++,gm2 --prefix=/usr --with-gcc-major-version-only --program-suffix=-9 --program-prefix=x86_64-linux-gnu- --enable-shared --enable-linker-build-id --libexecdir=/usr/lib --without-included-gettext --enable-threads=posix --libdir=/usr/lib --enable-nls --enable-clocale=gnu --enable-libstdcxx-debug --enable-libstdcxx-time=yes --with-default-libstdcxx-abi=new --enable-gnu-unique-object --disable-vtable-verify --enable-plugin --enable-default-pie --with-system-zlib --with-target-system-zlib=auto --enable-objc-gc=auto --enable-multiarch --disable-werror --with-arch-32=i686 --with-abi=m64 --with-multilib-list=m32,m64,mx32 --enable-multilib --with-tune=generic --enable-offload-targets=nvptx-none=/build/gcc-9-9QDOt0/gcc-9-9.4.0/debian/tmp-nvptx/usr,hsa --without-cuda-driver --enable-checking=release --build=x86_64-linux-gnu --host=x86_64-linux-gnu --target=x86_64-linux-gnu
Thread model: posix
gcc version 9.4.0 (Ubuntu 9.4.0-1ubuntu1~20.04.2) 
configure:4126: $? = 0
configure:4115: gcc -V >&5
gcc: error: unrecognized command line option '-V'
gcc: fatal error: no input files
compilation terminated.
configure:4126: $? = 1
configure:4115: gcc -qversion >&5
gcc: error: unrecognized command line option '-qversion'; did you mean '--version'?
gcc: fatal error: no input files
compilation terminated.
configure:4126: $? = 1
configure:4115: gcc -version >&5
gcc: error: unrecognized command line option '-version'
gcc: fatal error: no input files
compilation terminated.
configure:4126: $? = 1
configure:4146: checking whether the C compiler works
configure:4168: gcc    conftest.c  >&5
configure:4172: $? = 0
configure:4222: result: yes
configure:4225: checking for C compiler default output file name
configure:4227: result: a.out
configure:4233: checking for suffix of executables
configure:4240: gcc -o conftest    conftest.c  >&5
configure:4244: $? = 0
configure:4267: result: 
configure:4289: checking whether we are cross compiling
configure:4297: gcc -o conftest    conftest.c  >&5
configure:4301: $? = 0
configure:4308: ./conftest
configure:4312: $? = 0
configure:4300: result: no
configure:4305: checking for suffix of object files
configure:4328: gcc -c   conftest.c >&5
configure:4332: $? = 0
configure:4354: result: o
configure:4358: checking whether the compiler supports GNU C
configure:4378: gcc -c   conftest.c >&5
configure:4378: $? = 0
configure:4388: result: yes
configure:4399: checking whether gcc accepts -g
configure:4420: gcc -c -g  conftest.c >&5
configure:4420: $? = 0
configure:4464: result: yes
configure:4484: checking for gcc option to enable C11 features
configure:4499: gcc  -c -g -O2  conftest.c >&5
configure:4499: $? = 0
configure:4517: result: none needed
configure:4633: checking whether gcc understands -c and -o together
configure:4656: gcc -c conftest.c -o conftest2.o
configure:4659: $? = 0
configure:4656: gcc -c conftest.c -o conftest2.o
configure:4659: $? = 0
configure:4671: result: yes
configure:4693: checking for stdio.h
configure:4693: gcc -c -g -O2  conftest.c >&5
configure:4693: $? = 0
configure:4693: result: yes
configure:4693: checking for stdlib.h
configure:4693: gcc -c -g -O2  conftest.c >&5
configure:4693: $? = 0
configure:4693: result: yes
configure:4693: checking for string.h
configure:4693: gcc -c -g -O2  conftest.c >&5
configure:4693: $? = 0
configure:4693: result: yes
configure:4693: checking for inttypes.h
configure:4693: gcc -c -g -O2  conftest.c >&5
configure:4693: $? = 0
configure:4693: result: yes
configure:4693: checking for stdint.h
configure:4693: gcc -c -g -O2  conftest.c >&5
configure:4693: $? = 0
configure:4693: result: yes
configure:4693: checking for strings.h
configure:4693: gcc -c -g -O2  conftest.c >&5
configure:4693: $? = 0
configure:4693: result: yes
configure:4693: checking for sys/stat.h
configure:4693: gcc -c -g -O2  conftest.c >&5
configure:4693: $? = 0
configure:4693: result: yes
configure:4693: checking for sys/types.h
configure:4693: gcc -c -g -O2  conftest.c >&5
configure:4693: $? = 0
configure:4693: result: yes
configure:4693: checking for unistd.h
configure:4693: gcc -c -g -O2  conftest.c >&5
configure:4693: $? = 0
configure:4693: result: yes
configure:4693: checking for wchar.h
configure:4693: gcc -c -g -O2  conftest.c >&5
configure:4693: $? = 0
configure:4693: result: yes
configure:4693: checking for minix/config.h
configure:4693: gcc -c -g -O2  conftest.c >&5
conftest.c:47:10: fatal error: minix/config.h: No such file or directory
   47 | #include <minix/config.h>
      |          ^~~~~~~~~~~~~~~~
compilation terminated.
configure:4693: $? = 1
configure: failed program was:
| /* confdefs.h */
| #define PACKAGE_NAME "ViennaRNA"
| #define PACKAGE_TARNAME "ViennaRNA"
| #define PACKAGE_VERSION "2.6.4"
| #define PACKAGE_STRING "ViennaRNA 2.6.4"
| #define PACKAGE_BUGREPORT "rna@tbi.univie.ac.at"
| #define PACKAGE_URL "https://www.tbi.univie.ac.at/RNA"
| #define HAVE_STDIO_H 1
| #define HAVE_STDLIB_H 1
| #define HAVE_STRING_H 1
| #define HAVE_INTTYPES_H 1
| #define HAVE_STDINT_H 1
| #define HAVE_STRINGS_H 1
| #define HAVE_SYS_STAT_H 1
| #define HAVE_SYS_TYPES_H 1
| #define HAVE_UNISTD_H 1
| #define HAVE_WCHAR_H 1
| /* end confdefs.h.  */
| #include <stddef.h>
| #ifdef HAVE_STDIO_H
| # include <stdio.h>
| #endif
| #ifdef HAVE_STDLIB_H
| # include <stdlib.h>
| #endif
| #ifdef HAVE_STRING_H
| # include <string.h>
| #endif
| #ifdef HAVE_INTTYPES_H
| # include <inttypes.h>
| #endif
| #ifdef HAVE_STDINT_H
| # include <stdint.h>
| #endif
| #ifdef HAVE_STRINGS_H
| # include <strings.h>
| #endif
| #ifdef HAVE_SYS_TYPES_H
| # include <sys/types.h>
| #endif
| #ifdef HAVE_SYS_STAT_H
| # include <sys/stat.h>
| #endif
| #ifdef HAVE_UNISTD_H
| # include <unistd.h>
| #endif
| #include <minix/config.h>
configure:4693: result: no
configure:4724: checking whether it is safe to define __EXTENSIONS__
configure:4743: gcc -c -g -O2  conftest.c >&5
configure:4743: $? = 0
configure:4751: result: yes
configure:4754: checking whether _XOPEN_SOURCE should be defined
configure:4776: gcc -c -g -O2  conftest.c >&5
configure:4776: $? = 0
configure:4803: result: no
configure:4873: checking whether make supports nested variables
configure:4891: result: yes
configure:4920: checking for a BSD-compatible install
configure:4993: result: /usr/bin/install -c
configure:5004: checking whether build environment is sane
configure:5059: result: yes
configure:5212: checking for a race-free mkdir -p
configure:5256: result: /usr/bin/mkdir -p
configure:5263: checking for gawk
configure:5284: found /usr/bin/gawk
configure:5295: result: gawk
configure:5306: checking whether make sets $(MAKE)
configure:5329: result: yes
configure:5351: checking whether make supports the include directive
configure:5366: make -f confmf.GNU && cat confinc.out
this is the am__doit target
configure:5369: $? = 0
configure:5388: result: yes (GNU style)
configure:5485: checking whether UID '1000' is supported by ustar format
configure:5488: result: yes
configure:5495: checking whether GID '1000' is supported by ustar format
configure:5498: result: yes
configure:5506: checking how to create a ustar tar archive
configure:5517: tar --version
tar (GNU tar) 1.30
Copyright (C) 2017 Free Software Foundation, Inc.
License GPLv3+: GNU GPL version 3 or later <https://gnu.org/licenses/gpl.html>.
This is free software: you are free to change and redistribute it.
There is NO WARRANTY, to the extent permitted by law.

Written by John Gilmore and Jay Fenlason.
configure:5520: $? = 0
configure:5560: tardir=conftest.dir && eval tar --format=ustar -chf - "$tardir" >conftest.tar
configure:5563: $? = 0
configure:5567: tar -xf - <conftest.tar
configure:5570: $? = 0
configure:5572: cat conftest.dir/file
GrepMe
configure:5575: $? = 0
configure:5589: result: gnutar
configure:5598: checking dependency style of gcc
configure:5710: result: gcc3
configure:5786: checking if malloc debugging is wanted
configure:5805: result: no
configure:5820: checking build system type
configure:5835: result: x86_64-pc-linux-gnu
configure:5855: checking host system type
configure:5869: result: x86_64-pc-linux-gnu
configure:5959: checking for g++
configure:5980: found /usr/bin/g++
configure:5991: result: g++
configure:6018: checking for C++ compiler version
configure:6027: g++ --version >&5
g++ (Ubuntu 9.4.0-1ubuntu1~20.04.2) 9.4.0
Copyright (C) 2019 Free Software Foundation, Inc.
This is free software; see the source for copying conditions.  There is NO
warranty; not even for MERCHANTABILITY or FITNESS FOR A PARTICULAR PURPOSE.

configure:6038: $? = 0
configure:6027: g++ -v >&5
Using built-in specs.
COLLECT_GCC=g++
COLLECT_LTO_WRAPPER=/usr/lib/gcc/x86_64-linux-gnu/9/lto-wrapper
OFFLOAD_TARGET_NAMES=nvptx-none:hsa
OFFLOAD_TARGET_DEFAULT=1
Target: x86_64-linux-gnu
Configured with: ../src/configure -v --with-pkgversion='Ubuntu 9.4.0-1ubuntu1~20.04.2' --with-bugurl=file:///usr/share/doc/gcc-9/README.Bugs --enable-languages=c,ada,c++,go,brig,d,fortran,objc,obj-c++,gm2 --prefix=/usr --with-gcc-major-version-only --program-suffix=-9 --program-prefix=x86_64-linux-gnu- --enable-shared --enable-linker-build-id --libexecdir=/usr/lib --without-included-gettext --enable-threads=posix --libdir=/usr/lib --enable-nls --enable-clocale=gnu --enable-libstdcxx-debug --enable-libstdcxx-time=yes --with-default-libstdcxx-abi=new --enable-gnu-unique-object --disable-vtable-verify --enable-plugin --enable-default-pie --with-system-zlib --with-target-system-zlib=auto --enable-objc-gc=auto --enable-multiarch --disable-werror --with-arch-32=i686 --with-abi=m64 --with-multilib-list=m32,m64,mx32 --enable-multilib --with-tune=generic --enable-offload-targets=nvptx-none=/build/gcc-9-9QDOt0/gcc-9-9.4.0/debian/tmp-nvptx/usr,hsa --without-cuda-driver --enable-checking=release --build=x86_64-linux-gnu --host=x86_64-linux-gnu --target=x86_64-linux-gnu
Thread model: posix
gcc version 9.4.0 (Ubuntu 9.4.0-1ubuntu1~20.04.2) 
configure:6038: $? = 0
configure:6027: g++ -V >&5
g++: error: unrecognized command line option '-V'
g++: fatal error: no input files
compilation terminated.
configure:6038: $? = 1
configure:6027: g++ -qversion >&5
g++: error: unrecognized command line option '-qversion'; did you mean '--version'?
g++: fatal error: no input files
compilation terminated.
configure:6038: $? = 1
configure:6042: checking whether the compiler supports GNU C++
configure:6062: g++ -c   conftest.cpp >&5
configure:6062: $? = 0
configure:6072: result: yes
configure:6083: checking whether g++ accepts -g
configure:6104: g++ -c -g  conftest.cpp >&5
configure:6104: $? = 0
configure:6148: result: yes
configure:6168: checking for g++ option to enable C++11 features
configure:6183: g++  -c -g -O2  conftest.cpp >&5
configure:6183: $? = 0
configure:6201: result: none needed
configure:6267: checking dependency style of g++
configure:6379: result: gcc3
configure:6399: checking how to run the C++ preprocessor
configure:6421: g++ -E  conftest.cpp
configure:6421: $? = 0
configure:6436: g++ -E  conftest.cpp
conftest.cpp:38:10: fatal error: ac_nonexistent.h: No such file or directory
   38 | #include <ac_nonexistent.h>
      |          ^~~~~~~~~~~~~~~~~~
compilation terminated.
configure:6436: $? = 1
configure: failed program was:
| /* confdefs.h */
| #define PACKAGE_NAME "ViennaRNA"
| #define PACKAGE_TARNAME "ViennaRNA"
| #define PACKAGE_VERSION "2.6.4"
| #define PACKAGE_STRING "ViennaRNA 2.6.4"
| #define PACKAGE_BUGREPORT "rna@tbi.univie.ac.at"
| #define PACKAGE_URL "https://www.tbi.univie.ac.at/RNA"
| #define HAVE_STDIO_H 1
| #define HAVE_STDLIB_H 1
| #define HAVE_STRING_H 1
| #define HAVE_INTTYPES_H 1
| #define HAVE_STDINT_H 1
| #define HAVE_STRINGS_H 1
| #define HAVE_SYS_STAT_H 1
| #define HAVE_SYS_TYPES_H 1
| #define HAVE_UNISTD_H 1
| #define HAVE_WCHAR_H 1
| #define STDC_HEADERS 1
| #define _ALL_SOURCE 1
| #define _DARWIN_C_SOURCE 1
| #define _GNU_SOURCE 1
| #define _HPUX_ALT_XOPEN_SOCKET_API 1
| #define _NETBSD_SOURCE 1
| #define _OPENBSD_SOURCE 1
| #define _POSIX_PTHREAD_SEMANTICS 1
| #define __STDC_WANT_IEC_60559_ATTRIBS_EXT__ 1
| #define __STDC_WANT_IEC_60559_BFP_EXT__ 1
| #define __STDC_WANT_IEC_60559_DFP_EXT__ 1
| #define __STDC_WANT_IEC_60559_FUNCS_EXT__ 1
| #define __STDC_WANT_IEC_60559_TYPES_EXT__ 1
| #define __STDC_WANT_LIB_EXT2__ 1
| #define __STDC_WANT_MATH_SPEC_FUNCS__ 1
| #define _TANDEM_SOURCE 1
| #define __EXTENSIONS__ 1
| #define PACKAGE "ViennaRNA"
| #define VERSION "2.6.4"
| /* end confdefs.h.  */
| #include <ac_nonexistent.h>
configure:6463: result: g++ -E
configure:6477: g++ -E  conftest.cpp
configure:6477: $? = 0
configure:6492: g++ -E  conftest.cpp
conftest.cpp:38:10: fatal error: ac_nonexistent.h: No such file or directory
   38 | #include <ac_nonexistent.h>
      |          ^~~~~~~~~~~~~~~~~~
compilation terminated.
configure:6492: $? = 1
configure: failed program was:
| /* confdefs.h */
| #define PACKAGE_NAME "ViennaRNA"
| #define PACKAGE_TARNAME "ViennaRNA"
| #define PACKAGE_VERSION "2.6.4"
| #define PACKAGE_STRING "ViennaRNA 2.6.4"
| #define PACKAGE_BUGREPORT "rna@tbi.univie.ac.at"
| #define PACKAGE_URL "https://www.tbi.univie.ac.at/RNA"
| #define HAVE_STDIO_H 1
| #define HAVE_STDLIB_H 1
| #define HAVE_STRING_H 1
| #define HAVE_INTTYPES_H 1
| #define HAVE_STDINT_H 1
| #define HAVE_STRINGS_H 1
| #define HAVE_SYS_STAT_H 1
| #define HAVE_SYS_TYPES_H 1
| #define HAVE_UNISTD_H 1
| #define HAVE_WCHAR_H 1
| #define STDC_HEADERS 1
| #define _ALL_SOURCE 1
| #define _DARWIN_C_SOURCE 1
| #define _GNU_SOURCE 1
| #define _HPUX_ALT_XOPEN_SOCKET_API 1
| #define _NETBSD_SOURCE 1
| #define _OPENBSD_SOURCE 1
| #define _POSIX_PTHREAD_SEMANTICS 1
| #define __STDC_WANT_IEC_60559_ATTRIBS_EXT__ 1
| #define __STDC_WANT_IEC_60559_BFP_EXT__ 1
| #define __STDC_WANT_IEC_60559_DFP_EXT__ 1
| #define __STDC_WANT_IEC_60559_FUNCS_EXT__ 1
| #define __STDC_WANT_IEC_60559_TYPES_EXT__ 1
| #define __STDC_WANT_LIB_EXT2__ 1
| #define __STDC_WANT_MATH_SPEC_FUNCS__ 1
| #define _TANDEM_SOURCE 1
| #define __EXTENSIONS__ 1
| #define PACKAGE "ViennaRNA"
| #define VERSION "2.6.4"
| /* end confdefs.h.  */
| #include <ac_nonexistent.h>
configure:6575: checking for gcc
configure:6607: result: gcc
configure:6960: checking for C compiler version
configure:6969: gcc --version >&5
gcc (Ubuntu 9.4.0-1ubuntu1~20.04.2) 9.4.0
Copyright (C) 2019 Free Software Foundation, Inc.
This is free software; see the source for copying conditions.  There is NO
warranty; not even for MERCHANTABILITY or FITNESS FOR A PARTICULAR PURPOSE.

configure:6980: $? = 0
configure:6969: gcc -v >&5
Using built-in specs.
COLLECT_GCC=gcc
COLLECT_LTO_WRAPPER=/usr/lib/gcc/x86_64-linux-gnu/9/lto-wrapper
OFFLOAD_TARGET_NAMES=nvptx-none:hsa
OFFLOAD_TARGET_DEFAULT=1
Target: x86_64-linux-gnu
Configured with: ../src/configure -v --with-pkgversion='Ubuntu 9.4.0-1ubuntu1~20.04.2' --with-bugurl=file:///usr/share/doc/gcc-9/README.Bugs --enable-languages=c,ada,c++,go,brig,d,fortran,objc,obj-c++,gm2 --prefix=/usr --with-gcc-major-version-only --program-suffix=-9 --program-prefix=x86_64-linux-gnu- --enable-shared --enable-linker-build-id --libexecdir=/usr/lib --without-included-gettext --enable-threads=posix --libdir=/usr/lib --enable-nls --enable-clocale=gnu --enable-libstdcxx-debug --enable-libstdcxx-time=yes --with-default-libstdcxx-abi=new --enable-gnu-unique-object --disable-vtable-verify --enable-plugin --enable-default-pie --with-system-zlib --with-target-system-zlib=auto --enable-objc-gc=auto --enable-multiarch --disable-werror --with-arch-32=i686 --with-abi=m64 --with-multilib-list=m32,m64,mx32 --enable-multilib --with-tune=generic --enable-offload-targets=nvptx-none=/build/gcc-9-9QDOt0/gcc-9-9.4.0/debian/tmp-nvptx/usr,hsa --without-cuda-driver --enable-checking=release --build=x86_64-linux-gnu --host=x86_64-linux-gnu --target=x86_64-linux-gnu
Thread model: posix
gcc version 9.4.0 (Ubuntu 9.4.0-1ubuntu1~20.04.2) 
configure:6980: $? = 0
configure:6969: gcc -V >&5
gcc: error: unrecognized command line option '-V'
gcc: fatal error: no input files
compilation terminated.
configure:6980: $? = 1
configure:6969: gcc -qversion >&5
gcc: error: unrecognized command line option '-qversion'; did you mean '--version'?
gcc: fatal error: no input files
compilation terminated.
configure:6980: $? = 1
configure:6969: gcc -version >&5
gcc: error: unrecognized command line option '-version'
gcc: fatal error: no input files
compilation terminated.
configure:6980: $? = 1
configure:6984: checking whether the compiler supports GNU C
configure:7014: result: yes
configure:7025: checking whether gcc accepts -g
configure:7090: result: yes
configure:7110: checking for gcc option to enable C11 features
configure:7143: result: none needed
configure:7259: checking whether gcc understands -c and -o together
configure:7297: result: yes
configure:7319: checking how to run the C preprocessor
configure:7345: gcc -E  conftest.c
configure:7345: $? = 0
configure:7360: gcc -E  conftest.c
conftest.c:38:10: fatal error: ac_nonexistent.h: No such file or directory
   38 | #include <ac_nonexistent.h>
      |          ^~~~~~~~~~~~~~~~~~
compilation terminated.
configure:7360: $? = 1
configure: failed program was:
| /* confdefs.h */
| #define PACKAGE_NAME "ViennaRNA"
| #define PACKAGE_TARNAME "ViennaRNA"
| #define PACKAGE_VERSION "2.6.4"
| #define PACKAGE_STRING "ViennaRNA 2.6.4"
| #define PACKAGE_BUGREPORT "rna@tbi.univie.ac.at"
| #define PACKAGE_URL "https://www.tbi.univie.ac.at/RNA"
| #define HAVE_STDIO_H 1
| #define HAVE_STDLIB_H 1
| #define HAVE_STRING_H 1
| #define HAVE_INTTYPES_H 1
| #define HAVE_STDINT_H 1
| #define HAVE_STRINGS_H 1
| #define HAVE_SYS_STAT_H 1
| #define HAVE_SYS_TYPES_H 1
| #define HAVE_UNISTD_H 1
| #define HAVE_WCHAR_H 1
| #define STDC_HEADERS 1
| #define _ALL_SOURCE 1
| #define _DARWIN_C_SOURCE 1
| #define _GNU_SOURCE 1
| #define _HPUX_ALT_XOPEN_SOCKET_API 1
| #define _NETBSD_SOURCE 1
| #define _OPENBSD_SOURCE 1
| #define _POSIX_PTHREAD_SEMANTICS 1
| #define __STDC_WANT_IEC_60559_ATTRIBS_EXT__ 1
| #define __STDC_WANT_IEC_60559_BFP_EXT__ 1
| #define __STDC_WANT_IEC_60559_DFP_EXT__ 1
| #define __STDC_WANT_IEC_60559_FUNCS_EXT__ 1
| #define __STDC_WANT_IEC_60559_TYPES_EXT__ 1
| #define __STDC_WANT_LIB_EXT2__ 1
| #define __STDC_WANT_MATH_SPEC_FUNCS__ 1
| #define _TANDEM_SOURCE 1
| #define __EXTENSIONS__ 1
| #define PACKAGE "ViennaRNA"
| #define VERSION "2.6.4"
| /* end confdefs.h.  */
| #include <ac_nonexistent.h>
configure:7387: result: gcc -E
configure:7401: gcc -E  conftest.c
configure:7401: $? = 0
configure:7416: gcc -E  conftest.c
conftest.c:38:10: fatal error: ac_nonexistent.h: No such file or directory
   38 | #include <ac_nonexistent.h>
      |          ^~~~~~~~~~~~~~~~~~
compilation terminated.
configure:7416: $? = 1
configure: failed program was:
| /* confdefs.h */
| #define PACKAGE_NAME "ViennaRNA"
| #define PACKAGE_TARNAME "ViennaRNA"
| #define PACKAGE_VERSION "2.6.4"
| #define PACKAGE_STRING "ViennaRNA 2.6.4"
| #define PACKAGE_BUGREPORT "rna@tbi.univie.ac.at"
| #define PACKAGE_URL "https://www.tbi.univie.ac.at/RNA"
| #define HAVE_STDIO_H 1
| #define HAVE_STDLIB_H 1
| #define HAVE_STRING_H 1
| #define HAVE_INTTYPES_H 1
| #define HAVE_STDINT_H 1
| #define HAVE_STRINGS_H 1
| #define HAVE_SYS_STAT_H 1
| #define HAVE_SYS_TYPES_H 1
| #define HAVE_UNISTD_H 1
| #define HAVE_WCHAR_H 1
| #define STDC_HEADERS 1
| #define _ALL_SOURCE 1
| #define _DARWIN_C_SOURCE 1
| #define _GNU_SOURCE 1
| #define _HPUX_ALT_XOPEN_SOCKET_API 1
| #define _NETBSD_SOURCE 1
| #define _OPENBSD_SOURCE 1
| #define _POSIX_PTHREAD_SEMANTICS 1
| #define __STDC_WANT_IEC_60559_ATTRIBS_EXT__ 1
| #define __STDC_WANT_IEC_60559_BFP_EXT__ 1
| #define __STDC_WANT_IEC_60559_DFP_EXT__ 1
| #define __STDC_WANT_IEC_60559_FUNCS_EXT__ 1
| #define __STDC_WANT_IEC_60559_TYPES_EXT__ 1
| #define __STDC_WANT_LIB_EXT2__ 1
| #define __STDC_WANT_MATH_SPEC_FUNCS__ 1
| #define _TANDEM_SOURCE 1
| #define __EXTENSIONS__ 1
| #define PACKAGE "ViennaRNA"
| #define VERSION "2.6.4"
| /* end confdefs.h.  */
| #include <ac_nonexistent.h>
configure:7513: checking for ar
configure:7534: found /usr/bin/ar
configure:7545: result: ar
configure:7571: checking the archiver (ar) interface
configure:7588: gcc -c -g -O2  conftest.c >&5
configure:7588: $? = 0
configure:7591: ar cru libconftest.a conftest.o >&5
ar: `u' modifier ignored since `D' is the default (see `U')
configure:7594: $? = 0
configure:7593: result: ar
configure:7613: checking whether make sets $(MAKE)
configure:7636: result: yes
configure:7645: checking for grep that handles long lines and -e
configure:7709: result: /usr/bin/grep
configure:7716: checking for a sed that does not truncate output
configure:7786: result: /usr/bin/sed
configure:7795: checking for gawk
configure:7827: result: gawk
configure:7838: checking whether ln -s works
configure:7842: result: yes
configure:7897: checking how to print strings
configure:7924: result: printf
configure:7945: checking for a sed that does not truncate output
configure:8015: result: /usr/bin/sed
configure:8033: checking for egrep
configure:8101: result: /usr/bin/grep -E
configure:8106: checking for fgrep
configure:8174: result: /usr/bin/grep -F
configure:8210: checking for ld used by gcc
configure:8278: result: /usr/bin/ld
configure:8285: checking if the linker (/usr/bin/ld) is GNU ld
configure:8301: result: yes
configure:8313: checking for BSD- or MS-compatible name lister (nm)
configure:8368: result: /usr/bin/nm -B
configure:8508: checking the name lister (/usr/bin/nm -B) interface
configure:8516: gcc -c -g -O2  conftest.c >&5
configure:8519: /usr/bin/nm -B "conftest.o"
configure:8522: output
0000000000000000 B some_variable
configure:8523: result: BSD nm
configure:8527: checking the maximum length of command line arguments
configure:8659: result: 1572864
configure:8707: checking how to convert x86_64-pc-linux-gnu file names to x86_64-pc-linux-gnu format
configure:8748: result: func_convert_file_noop
configure:8755: checking how to convert x86_64-pc-linux-gnu file names to toolchain format
configure:8776: result: func_convert_file_noop
configure:8783: checking for /usr/bin/ld option to reload object files
configure:8791: result: -r
configure:8870: checking for file
configure:8891: found /usr/bin/file
configure:8902: result: file
configure:8978: checking for objdump
configure:8999: found /usr/bin/objdump
configure:9010: result: objdump
configure:9042: checking how to recognize dependent libraries
configure:9243: result: pass_all
configure:9333: checking for dlltool
configure:9368: result: no
configure:9398: checking how to associate runtime and link libraries
configure:9426: result: printf %s\n
configure:9576: checking for archiver @FILE support
configure:9594: gcc -c -g -O2  conftest.c >&5
configure:9594: $? = 0
configure:9598: ar cr libconftest.a @conftest.lst >&5
configure:9601: $? = 0
configure:9606: ar cr libconftest.a @conftest.lst >&5
ar: conftest.o: No such file or directory
configure:9609: $? = 1
configure:9608: result: @
configure:9671: checking for strip
configure:9692: found /usr/bin/strip
configure:9703: result: strip
configure:9780: checking for ranlib
configure:9801: found /usr/bin/ranlib
configure:9812: result: ranlib
configure:9914: checking command to parse /usr/bin/nm -B output from gcc object
configure:10068: gcc -c -g -O2  conftest.c >&5
configure:10071: $? = 0
configure:10075: /usr/bin/nm -B conftest.o \| /usr/bin/sed -n -e 's/^.*[ ]\([ABCDGIRSTW][ABCDGIRSTW]*\)[ ][ ]*\([_A-Za-z][_A-Za-z0-9]*\)$/\1 \2 \2/p' | /usr/bin/sed '/ __gnu_lto/d' \> conftest.nm
configure:10078: $? = 0
configure:10144: gcc -o conftest -g -O2   conftest.c conftstm.o >&5
configure:10147: $? = 0
configure:10185: result: ok
configure:10232: checking for sysroot
configure:10263: result: no
configure:10270: checking for a working dd
configure:10314: result: /usr/bin/dd
configure:10318: checking how to truncate binary pipes
configure:10334: result: /usr/bin/dd bs=4096 count=1
configure:10471: gcc -c -g -O2  conftest.c >&5
configure:10474: $? = 0
configure:10671: checking for mt
configure:10692: found /usr/bin/mt
configure:10703: result: mt
configure:10726: checking if mt is a manifest tool
configure:10733: mt '-?'
configure:10741: result: no
configure:11462: checking for dlfcn.h
configure:11462: gcc -c -g -O2  conftest.c >&5
configure:11462: $? = 0
configure:11462: result: yes
configure:11730: checking for objdir
configure:11746: result: .libs
configure:12010: checking if gcc supports -fno-rtti -fno-exceptions
configure:12029: gcc -c -g -O2  -fno-rtti -fno-exceptions conftest.c >&5
cc1: warning: command line option '-fno-rtti' is valid for C++/D/ObjC++ but not for C
configure:12033: $? = 0
configure:12046: result: no
configure:12404: checking for gcc option to produce PIC
configure:12412: result: -fPIC -DPIC
configure:12420: checking if gcc PIC flag -fPIC -DPIC works
configure:12439: gcc -c -g -O2  -fPIC -DPIC -DPIC conftest.c >&5
configure:12443: $? = 0
configure:12456: result: yes
configure:12485: checking if gcc static flag -static works
configure:12514: result: yes
configure:12529: checking if gcc supports -c -o file.o
configure:12551: gcc -c -g -O2  -o out/conftest2.o conftest.c >&5
configure:12555: $? = 0
configure:12577: result: yes
configure:12585: checking if gcc supports -c -o file.o
configure:12633: result: yes
configure:12666: checking whether the gcc linker (/usr/bin/ld -m elf_x86_64) supports shared libraries
configure:13934: result: yes
configure:13971: checking whether -lc should be explicitly linked in
configure:13980: gcc -c -g -O2  conftest.c >&5
configure:13983: $? = 0
configure:13998: gcc -shared  -fPIC -DPIC conftest.o  -v -Wl,-soname -Wl,conftest -o conftest 2\>\&1 \| /usr/bin/grep  -lc  \>/dev/null 2\>\&1
configure:14001: $? = 0
configure:14015: result: no
configure:14175: checking dynamic linker characteristics
configure:14757: gcc -o conftest -g -O2   -Wl,-rpath -Wl,/foo conftest.c  >&5
configure:14757: $? = 0
configure:14996: result: GNU/Linux ld.so
configure:15118: checking how to hardcode library paths into programs
configure:15143: result: immediate
configure:15695: checking whether stripping libraries is possible
configure:15704: result: yes
configure:15746: checking if libtool supports shared libraries
configure:15748: result: yes
configure:15751: checking whether to build shared libraries
configure:15776: result: yes
configure:15779: checking whether to build static libraries
configure:15783: result: yes
configure:12569: checking how to run the C++ preprocessor
configure:12633: result: g++ -E
configure:12647: g++ -E  conftest.cpp
configure:12647: $? = 0
configure:12662: g++ -E  conftest.cpp
conftest.cpp:41:10: fatal error: ac_nonexistent.h: No such file or directory
   41 | #include <ac_nonexistent.h>
      |          ^~~~~~~~~~~~~~~~~~
compilation terminated.
configure:12662: $? = 1
configure: failed program was:
| /* confdefs.h */
| #define PACKAGE_NAME "ViennaRNA"
| #define PACKAGE_TARNAME "ViennaRNA"
| #define PACKAGE_VERSION "2.6.4"
| #define PACKAGE_STRING "ViennaRNA 2.6.4"
| #define PACKAGE_BUGREPORT "rna@tbi.univie.ac.at"
| #define PACKAGE_URL "https://www.tbi.univie.ac.at/RNA"
| #define HAVE_STDIO_H 1
| #define HAVE_STDLIB_H 1
| #define HAVE_STRING_H 1
| #define HAVE_INTTYPES_H 1
| #define HAVE_STDINT_H 1
| #define HAVE_STRINGS_H 1
| #define HAVE_SYS_STAT_H 1
| #define HAVE_SYS_TYPES_H 1
| #define HAVE_UNISTD_H 1
| #define HAVE_WCHAR_H 1
| #define STDC_HEADERS 1
| #define _ALL_SOURCE 1
| #define _DARWIN_C_SOURCE 1
| #define _GNU_SOURCE 1
| #define _HPUX_ALT_XOPEN_SOCKET_API 1
| #define _NETBSD_SOURCE 1
| #define _OPENBSD_SOURCE 1
| #define _POSIX_PTHREAD_SEMANTICS 1
| #define __STDC_WANT_IEC_60559_ATTRIBS_EXT__ 1
| #define __STDC_WANT_IEC_60559_BFP_EXT__ 1
| #define __STDC_WANT_IEC_60559_DFP_EXT__ 1
| #define __STDC_WANT_IEC_60559_FUNCS_EXT__ 1
| #define __STDC_WANT_IEC_60559_TYPES_EXT__ 1
| #define __STDC_WANT_LIB_EXT2__ 1
| #define __STDC_WANT_MATH_SPEC_FUNCS__ 1
| #define _TANDEM_SOURCE 1
| #define __EXTENSIONS__ 1
| #define PACKAGE "ViennaRNA"
| #define VERSION "2.6.4"
| #define UNUSED __attribute__ ((unused))
| #define HAVE_DLFCN_H 1
| #define LT_OBJDIR ".libs/"
| /* end confdefs.h.  */
| #include <ac_nonexistent.h>
configure:12827: checking for ld used by g++
configure:12895: result: /usr/bin/ld -m elf_x86_64
configure:12902: checking if the linker (/usr/bin/ld -m elf_x86_64) is GNU ld
configure:12918: result: yes
configure:12973: checking whether the g++ linker (/usr/bin/ld -m elf_x86_64) supports shared libraries
configure:14051: result: yes
configure:14087: g++ -c -g -O2  conftest.cpp >&5
configure:14090: $? = 0
configure:14571: checking for g++ option to produce PIC
configure:14579: result: -fPIC -DPIC
configure:14587: checking if g++ PIC flag -fPIC -DPIC works
configure:14606: g++ -c -g -O2  -fPIC -DPIC -DPIC conftest.cpp >&5
configure:14610: $? = 0
configure:14623: result: yes
configure:14646: checking if g++ static flag -static works
configure:14675: result: yes
configure:14687: checking if g++ supports -c -o file.o
configure:14709: g++ -c -g -O2  -o out/conftest2.o conftest.cpp >&5
configure:14713: $? = 0
configure:14735: result: yes
configure:14740: checking if g++ supports -c -o file.o
configure:14788: result: yes
configure:14818: checking whether the g++ linker (/usr/bin/ld -m elf_x86_64) supports shared libraries
configure:14858: result: yes
configure:15000: checking dynamic linker characteristics
configure:15748: result: GNU/Linux ld.so
configure:15813: checking how to hardcode library paths into programs
configure:15838: result: immediate
configure:14743: checking for exp in -lm
configure:14766: gcc -o conftest -g -O2   conftest.c -lm   >&5
conftest.c:45:6: warning: conflicting types for built-in function 'exp'; expected 'double(double)' [-Wbuiltin-declaration-mismatch]
   45 | char exp ();
      |      ^~~
conftest.c:1:1: note: 'exp' is declared in header '<math.h>'
    1 | /* confdefs.h */
configure:14766: $? = 0
configure:14776: result: yes
configure:14788: checking for egrep
configure:14856: result: /usr/bin/grep -E
configure:14862: checking for _Bool
configure:14862: gcc -c -g -O2  conftest.c >&5
configure:14862: $? = 0
configure:14862: gcc -c -g -O2  conftest.c >&5
conftest.c: In function 'main':
conftest.c:73:20: error: expected expression before ')' token
   73 | if (sizeof ((_Bool)))
      |                    ^
configure:14862: $? = 1
configure: failed program was:
| /* confdefs.h */
| #define PACKAGE_NAME "ViennaRNA"
| #define PACKAGE_TARNAME "ViennaRNA"
| #define PACKAGE_VERSION "2.6.4"
| #define PACKAGE_STRING "ViennaRNA 2.6.4"
| #define PACKAGE_BUGREPORT "rna@tbi.univie.ac.at"
| #define PACKAGE_URL "https://www.tbi.univie.ac.at/RNA"
| #define HAVE_STDIO_H 1
| #define HAVE_STDLIB_H 1
| #define HAVE_STRING_H 1
| #define HAVE_INTTYPES_H 1
| #define HAVE_STDINT_H 1
| #define HAVE_STRINGS_H 1
| #define HAVE_SYS_STAT_H 1
| #define HAVE_SYS_TYPES_H 1
| #define HAVE_UNISTD_H 1
| #define HAVE_WCHAR_H 1
| #define STDC_HEADERS 1
| #define _ALL_SOURCE 1
| #define _DARWIN_C_SOURCE 1
| #define _GNU_SOURCE 1
| #define _HPUX_ALT_XOPEN_SOCKET_API 1
| #define _NETBSD_SOURCE 1
| #define _OPENBSD_SOURCE 1
| #define _POSIX_PTHREAD_SEMANTICS 1
| #define __STDC_WANT_IEC_60559_ATTRIBS_EXT__ 1
| #define __STDC_WANT_IEC_60559_BFP_EXT__ 1
| #define __STDC_WANT_IEC_60559_DFP_EXT__ 1
| #define __STDC_WANT_IEC_60559_FUNCS_EXT__ 1
| #define __STDC_WANT_IEC_60559_TYPES_EXT__ 1
| #define __STDC_WANT_LIB_EXT2__ 1
| #define __STDC_WANT_MATH_SPEC_FUNCS__ 1
| #define _TANDEM_SOURCE 1
| #define __EXTENSIONS__ 1
| #define PACKAGE "ViennaRNA"
| #define VERSION "2.6.4"
| #define UNUSED __attribute__ ((unused))
| #define HAVE_DLFCN_H 1
| #define LT_OBJDIR ".libs/"
| #define HAVE_LIBM 1
| /* end confdefs.h.  */
| #include <stddef.h>
| #ifdef HAVE_STDIO_H
| # include <stdio.h>
| #endif
| #ifdef HAVE_STDLIB_H
| # include <stdlib.h>
| #endif
| #ifdef HAVE_STRING_H
| # include <string.h>
| #endif
| #ifdef HAVE_INTTYPES_H
| # include <inttypes.h>
| #endif
| #ifdef HAVE_STDINT_H
| # include <stdint.h>
| #endif
| #ifdef HAVE_STRINGS_H
| # include <strings.h>
| #endif
| #ifdef HAVE_SYS_TYPES_H
| # include <sys/types.h>
| #endif
| #ifdef HAVE_SYS_STAT_H
| # include <sys/stat.h>
| #endif
| #ifdef HAVE_UNISTD_H
| # include <unistd.h>
| #endif
| int
| main (void)
| {
| if (sizeof ((_Bool)))
| 	    return 0;
|   ;
|   return 0;
| }
configure:14862: result: yes
configure:14871: checking for stdbool.h that conforms to C99
configure:14987: gcc -c -g -O2  conftest.c >&5
configure:14987: $? = 0
configure:14995: result: yes
configure:15004: checking for malloc.h
configure:15004: gcc -c -g -O2  conftest.c >&5
configure:15004: $? = 0
configure:15004: result: yes
configure:15010: checking for float.h
configure:15010: gcc -c -g -O2  conftest.c >&5
configure:15010: $? = 0
configure:15010: result: yes
configure:15016: checking for limits.h
configure:15016: gcc -c -g -O2  conftest.c >&5
configure:15016: $? = 0
configure:15016: result: yes
configure:15022: checking for stdlib.h
configure:15022: result: yes
configure:15028: checking for string.h
configure:15028: result: yes
configure:15034: checking for strings.h
configure:15034: result: yes
configure:15040: checking for unistd.h
configure:15040: result: yes
configure:15046: checking for math.h
configure:15046: gcc -c -g -O2  conftest.c >&5
configure:15046: $? = 0
configure:15046: result: yes
configure:15052: checking for stdarg.h
configure:15052: gcc -c -g -O2  conftest.c >&5
configure:15052: $? = 0
configure:15052: result: yes
configure:15060: checking for GNU libc compatible malloc
configure:15092: gcc -o conftest -g -O2   conftest.c -lm  >&5
configure:15092: $? = 0
configure:15092: ./conftest
configure:15092: $? = 0
configure:15103: result: yes
configure:15125: checking for GNU libc compatible realloc
configure:15157: gcc -o conftest -g -O2   conftest.c -lm  >&5
configure:15157: $? = 0
configure:15157: ./conftest
configure:15157: $? = 0
configure:15168: result: yes
configure:15190: checking for working strtod
configure:15233: gcc -o conftest -g -O2   conftest.c -lm  >&5
configure:15233: $? = 0
configure:15233: ./conftest
configure:15233: $? = 0
configure:15244: result: yes
configure:15307: checking for floor
configure:15307: gcc -o conftest -g -O2   conftest.c -lm  >&5
conftest.c:71:6: warning: conflicting types for built-in function 'floor'; expected 'double(double)' [-Wbuiltin-declaration-mismatch]
   71 | char floor ();
      |      ^~~~~
conftest.c:63:1: note: 'floor' is declared in header '<math.h>'
   62 | #include <limits.h>
   63 | #undef floor
configure:15307: $? = 0
configure:15307: result: yes
configure:15313: checking for strdup
configure:15313: gcc -o conftest -g -O2   conftest.c -lm  >&5
conftest.c:72:6: warning: conflicting types for built-in function 'strdup'; expected 'char *(const char *)' [-Wbuiltin-declaration-mismatch]
   72 | char strdup ();
      |      ^~~~~~
configure:15313: $? = 0
configure:15313: result: yes
configure:15319: checking for strstr
configure:15319: gcc -o conftest -g -O2   conftest.c -lm  >&5
conftest.c:73:6: warning: conflicting types for built-in function 'strstr'; expected 'char *(const char *, const char *)' [-Wbuiltin-declaration-mismatch]
   73 | char strstr ();
      |      ^~~~~~
conftest.c:65:1: note: 'strstr' is declared in header '<string.h>'
   64 | #include <limits.h>
   65 | #undef strstr
configure:15319: $? = 0
configure:15319: result: yes
configure:15325: checking for strchr
configure:15325: gcc -o conftest -g -O2   conftest.c -lm  >&5
conftest.c:74:6: warning: conflicting types for built-in function 'strchr'; expected 'char *(const char *, int)' [-Wbuiltin-declaration-mismatch]
   74 | char strchr ();
      |      ^~~~~~
conftest.c:66:1: note: 'strchr' is declared in header '<string.h>'
   65 | #include <limits.h>
   66 | #undef strchr
configure:15325: $? = 0
configure:15325: result: yes
configure:15331: checking for strrchr
configure:15331: gcc -o conftest -g -O2   conftest.c -lm  >&5
conftest.c:75:6: warning: conflicting types for built-in function 'strrchr'; expected 'char *(const char *, int)' [-Wbuiltin-declaration-mismatch]
   75 | char strrchr ();
      |      ^~~~~~~
conftest.c:67:1: note: 'strrchr' is declared in header '<string.h>'
   66 | #include <limits.h>
   67 | #undef strrchr
configure:15331: $? = 0
configure:15331: result: yes
configure:15337: checking for strstr
configure:15337: result: yes
configure:15343: checking for strtol
configure:15343: gcc -o conftest -g -O2   conftest.c -lm  >&5
configure:15343: $? = 0
configure:15343: result: yes
configure:15349: checking for strtoul
configure:15349: gcc -o conftest -g -O2   conftest.c -lm  >&5
configure:15349: $? = 0
configure:15349: result: yes
configure:15355: checking for pow
configure:15355: gcc -o conftest -g -O2   conftest.c -lm  >&5
conftest.c:79:6: warning: conflicting types for built-in function 'pow'; expected 'double(double,  double)' [-Wbuiltin-declaration-mismatch]
   79 | char pow ();
      |      ^~~
conftest.c:71:1: note: 'pow' is declared in header '<math.h>'
   70 | #include <limits.h>
   71 | #undef pow
configure:15355: $? = 0
configure:15355: result: yes
configure:15361: checking for rint
configure:15361: gcc -o conftest -g -O2   conftest.c -lm  >&5
conftest.c:80:6: warning: conflicting types for built-in function 'rint'; expected 'double(double)' [-Wbuiltin-declaration-mismatch]
   80 | char rint ();
      |      ^~~~
conftest.c:72:1: note: 'rint' is declared in header '<math.h>'
   71 | #include <limits.h>
   72 | #undef rint
configure:15361: $? = 0
configure:15361: result: yes
configure:15367: checking for sqrt
configure:15367: gcc -o conftest -g -O2   conftest.c -lm  >&5
conftest.c:81:6: warning: conflicting types for built-in function 'sqrt'; expected 'double(double)' [-Wbuiltin-declaration-mismatch]
   81 | char sqrt ();
      |      ^~~~
conftest.c:73:1: note: 'sqrt' is declared in header '<math.h>'
   72 | #include <limits.h>
   73 | #undef sqrt
configure:15367: $? = 0
configure:15367: result: yes
configure:15373: checking for erand48
configure:15373: gcc -o conftest -g -O2   conftest.c -lm  >&5
configure:15373: $? = 0
configure:15373: result: yes
configure:15379: checking for memset
configure:15379: gcc -o conftest -g -O2   conftest.c -lm  >&5
conftest.c:83:6: warning: conflicting types for built-in function 'memset'; expected 'void *(void *, int,  long unsigned int)' [-Wbuiltin-declaration-mismatch]
   83 | char memset ();
      |      ^~~~~~
conftest.c:75:1: note: 'memset' is declared in header '<string.h>'
   74 | #include <limits.h>
   75 | #undef memset
configure:15379: $? = 0
configure:15379: result: yes
configure:15385: checking for memmove
configure:15385: gcc -o conftest -g -O2   conftest.c -lm  >&5
conftest.c:84:6: warning: conflicting types for built-in function 'memmove'; expected 'void *(void *, const void *, long unsigned int)' [-Wbuiltin-declaration-mismatch]
   84 | char memmove ();
      |      ^~~~~~~
conftest.c:76:1: note: 'memmove' is declared in header '<string.h>'
   75 | #include <limits.h>
   76 | #undef memmove
configure:15385: $? = 0
configure:15385: result: yes
configure:15391: checking for erand48
configure:15391: result: yes
configure:15397: checking for asprintf
configure:15397: gcc -o conftest -g -O2   conftest.c -lm  >&5
configure:15397: $? = 0
configure:15397: result: yes
configure:15403: checking for vasprintf
configure:15403: gcc -o conftest -g -O2   conftest.c -lm  >&5
configure:15403: $? = 0
configure:15403: result: yes
configure:15411: checking for an ANSI C-conforming const
configure:15478: gcc -c -g -O2  conftest.c >&5
configure:15478: $? = 0
configure:15486: result: yes
configure:15494: checking for size_t
configure:15494: gcc -c -g -O2  conftest.c >&5
configure:15494: $? = 0
configure:15494: gcc -c -g -O2  conftest.c >&5
conftest.c: In function 'main':
conftest.c:103:21: error: expected expression before ')' token
  103 | if (sizeof ((size_t)))
      |                     ^
configure:15494: $? = 1
configure: failed program was:
| /* confdefs.h */
| #define PACKAGE_NAME "ViennaRNA"
| #define PACKAGE_TARNAME "ViennaRNA"
| #define PACKAGE_VERSION "2.6.4"
| #define PACKAGE_STRING "ViennaRNA 2.6.4"
| #define PACKAGE_BUGREPORT "rna@tbi.univie.ac.at"
| #define PACKAGE_URL "https://www.tbi.univie.ac.at/RNA"
| #define HAVE_STDIO_H 1
| #define HAVE_STDLIB_H 1
| #define HAVE_STRING_H 1
| #define HAVE_INTTYPES_H 1
| #define HAVE_STDINT_H 1
| #define HAVE_STRINGS_H 1
| #define HAVE_SYS_STAT_H 1
| #define HAVE_SYS_TYPES_H 1
| #define HAVE_UNISTD_H 1
| #define HAVE_WCHAR_H 1
| #define STDC_HEADERS 1
| #define _ALL_SOURCE 1
| #define _DARWIN_C_SOURCE 1
| #define _GNU_SOURCE 1
| #define _HPUX_ALT_XOPEN_SOCKET_API 1
| #define _NETBSD_SOURCE 1
| #define _OPENBSD_SOURCE 1
| #define _POSIX_PTHREAD_SEMANTICS 1
| #define __STDC_WANT_IEC_60559_ATTRIBS_EXT__ 1
| #define __STDC_WANT_IEC_60559_BFP_EXT__ 1
| #define __STDC_WANT_IEC_60559_DFP_EXT__ 1
| #define __STDC_WANT_IEC_60559_FUNCS_EXT__ 1
| #define __STDC_WANT_IEC_60559_TYPES_EXT__ 1
| #define __STDC_WANT_LIB_EXT2__ 1
| #define __STDC_WANT_MATH_SPEC_FUNCS__ 1
| #define _TANDEM_SOURCE 1
| #define __EXTENSIONS__ 1
| #define PACKAGE "ViennaRNA"
| #define VERSION "2.6.4"
| #define UNUSED __attribute__ ((unused))
| #define HAVE_DLFCN_H 1
| #define LT_OBJDIR ".libs/"
| #define HAVE_LIBM 1
| #define HAVE__BOOL 1
| #define HAVE_STDBOOL_H 1
| #define HAVE_MALLOC_H 1
| #define HAVE_FLOAT_H 1
| #define HAVE_LIMITS_H 1
| #define HAVE_STDLIB_H 1
| #define HAVE_STRING_H 1
| #define HAVE_STRINGS_H 1
| #define HAVE_UNISTD_H 1
| #define HAVE_MATH_H 1
| #define HAVE_STDARG_H 1
| #define HAVE_MALLOC 1
| #define HAVE_REALLOC 1
| #define HAVE_FLOOR 1
| #define HAVE_STRDUP 1
| #define HAVE_STRSTR 1
| #define HAVE_STRCHR 1
| #define HAVE_STRRCHR 1
| #define HAVE_STRSTR 1
| #define HAVE_STRTOL 1
| #define HAVE_STRTOUL 1
| #define HAVE_POW 1
| #define HAVE_RINT 1
| #define HAVE_SQRT 1
| #define HAVE_ERAND48 1
| #define HAVE_MEMSET 1
| #define HAVE_MEMMOVE 1
| #define HAVE_ERAND48 1
| #define HAVE_ASPRINTF 1
| #define HAVE_VASPRINTF 1
| /* end confdefs.h.  */
| #include <stddef.h>
| #ifdef HAVE_STDIO_H
| # include <stdio.h>
| #endif
| #ifdef HAVE_STDLIB_H
| # include <stdlib.h>
| #endif
| #ifdef HAVE_STRING_H
| # include <string.h>
| #endif
| #ifdef HAVE_INTTYPES_H
| # include <inttypes.h>
| #endif
| #ifdef HAVE_STDINT_H
| # include <stdint.h>
| #endif
| #ifdef HAVE_STRINGS_H
| # include <strings.h>
| #endif
| #ifdef HAVE_SYS_TYPES_H
| # include <sys/types.h>
| #endif
| #ifdef HAVE_SYS_STAT_H
| # include <sys/stat.h>
| #endif
| #ifdef HAVE_UNISTD_H
| # include <unistd.h>
| #endif
| int
| main (void)
| {
| if (sizeof ((size_t)))
| 	    return 0;
|   ;
|   return 0;
| }
configure:15494: result: yes
configure:15504: checking for inline
configure:15521: gcc -c -g -O2  conftest.c >&5
configure:15521: $? = 0
configure:15530: result: inline
configure:15554: checking for pdflatex
configure:15590: result: no
configure:15600: checking for bibtex
configure:15636: result: no
configure:15646: checking for makeindex
configure:15682: result: no
configure:15757: checking for pkg-config
configure:15780: found /mnt/c/Strawberry/perl/bin/pkg-config
configure:15792: result: /mnt/c/Strawberry/perl/bin/pkg-config
configure:15817: checking pkg-config is at least version 0.9.0
configure:15823: result: no
configure:15888: checking for g77
configure:15923: result: no
configure:15888: checking for xlf
configure:15923: result: no
configure:15888: checking for f77
configure:15923: result: no
configure:15888: checking for frt
configure:15923: result: no
configure:15888: checking for pgf77
configure:15923: result: no
configure:15888: checking for cf77
configure:15923: result: no
configure:15888: checking for fort77
configure:15923: result: no
configure:15888: checking for fl32
configure:15923: result: no
configure:15888: checking for af77
configure:15923: result: no
configure:15888: checking for xlf90
configure:15923: result: no
configure:15888: checking for f90
configure:15923: result: no
configure:15888: checking for pgf90
configure:15923: result: no
configure:15888: checking for pghpf
configure:15923: result: no
configure:15888: checking for epcf90
configure:15923: result: no
configure:15888: checking for gfortran
configure:15923: result: no
configure:15888: checking for g95
configure:15923: result: no
configure:15888: checking for xlf95
configure:15923: result: no
configure:15888: checking for f95
configure:15923: result: no
configure:15888: checking for fort
configure:15923: result: no
configure:15888: checking for ifort
configure:15923: result: no
configure:15888: checking for ifc
configure:15923: result: no
configure:15888: checking for efc
configure:15923: result: no
configure:15888: checking for pgfortran
configure:15923: result: no
configure:15888: checking for pgf95
configure:15923: result: no
configure:15888: checking for lf95
configure:15923: result: no
configure:15888: checking for ftn
configure:15923: result: no
configure:15888: checking for nagfor
configure:15923: result: no
configure:15946: checking for Fortran 77 compiler version
configure:15955:  --version >&5
./configure: line 15957: --version: command not found
configure:15966: $? = 127
configure:15955:  -v >&5
./configure: line 15957: -v: command not found
configure:15966: $? = 127
configure:15955:  -V >&5
./configure: line 15957: -V: command not found
configure:15966: $? = 127
configure:15955:  -qversion >&5
./configure: line 15957: -qversion: command not found
configure:15966: $? = 127
configure:15975: checking whether the compiler supports GNU Fortran 77
configure:15989:  -c  conftest.F >&5
./configure: line 2545: -c: command not found
configure:15989: $? = 127
configure: failed program was:
|       program main
| #ifndef __GNUC__
|        choke me
| #endif
| 
|       end
configure:15999: result: no
configure:16007: checking whether  accepts -g
configure:16019:  -c -g conftest.f >&5
./configure: line 2545: -c: command not found
configure:16019: $? = 127
configure: failed program was:
|       program main
| 
|       end
configure:16028: result: no
configure:16059: checking for C compiler vendor
configure:16118:  -c  conftest.f >&5
./configure: line 2059: -c: command not found
configure:16118: $? = 127
configure: failed program was:
| /* confdefs.h */
| #define PACKAGE_NAME "ViennaRNA"
| #define PACKAGE_TARNAME "ViennaRNA"
| #define PACKAGE_VERSION "2.6.4"
| #define PACKAGE_STRING "ViennaRNA 2.6.4"
| #define PACKAGE_BUGREPORT "rna@tbi.univie.ac.at"
| #define PACKAGE_URL "https://www.tbi.univie.ac.at/RNA"
| #define HAVE_STDIO_H 1
| #define HAVE_STDLIB_H 1
| #define HAVE_STRING_H 1
| #define HAVE_INTTYPES_H 1
| #define HAVE_STDINT_H 1
| #define HAVE_STRINGS_H 1
| #define HAVE_SYS_STAT_H 1
| #define HAVE_SYS_TYPES_H 1
| #define HAVE_UNISTD_H 1
| #define HAVE_WCHAR_H 1
| #define STDC_HEADERS 1
| #define _ALL_SOURCE 1
| #define _DARWIN_C_SOURCE 1
| #define _GNU_SOURCE 1
| #define _HPUX_ALT_XOPEN_SOCKET_API 1
| #define _NETBSD_SOURCE 1
| #define _OPENBSD_SOURCE 1
| #define _POSIX_PTHREAD_SEMANTICS 1
| #define __STDC_WANT_IEC_60559_ATTRIBS_EXT__ 1
| #define __STDC_WANT_IEC_60559_BFP_EXT__ 1
| #define __STDC_WANT_IEC_60559_DFP_EXT__ 1
| #define __STDC_WANT_IEC_60559_FUNCS_EXT__ 1
| #define __STDC_WANT_IEC_60559_TYPES_EXT__ 1
| #define __STDC_WANT_LIB_EXT2__ 1
| #define __STDC_WANT_MATH_SPEC_FUNCS__ 1
| #define _TANDEM_SOURCE 1
| #define __EXTENSIONS__ 1
| #define PACKAGE "ViennaRNA"
| #define VERSION "2.6.4"
| #define UNUSED __attribute__ ((unused))
| #define HAVE_DLFCN_H 1
| #define LT_OBJDIR ".libs/"
| #define HAVE_LIBM 1
| #define HAVE__BOOL 1
| #define HAVE_STDBOOL_H 1
| #define HAVE_MALLOC_H 1
| #define HAVE_FLOAT_H 1
| #define HAVE_LIMITS_H 1
| #define HAVE_STDLIB_H 1
| #define HAVE_STRING_H 1
| #define HAVE_STRINGS_H 1
| #define HAVE_UNISTD_H 1
| #define HAVE_MATH_H 1
| #define HAVE_STDARG_H 1
| #define HAVE_MALLOC 1
| #define HAVE_REALLOC 1
| #define HAVE_FLOOR 1
| #define HAVE_STRDUP 1
| #define HAVE_STRSTR 1
| #define HAVE_STRCHR 1
| #define HAVE_STRRCHR 1
| #define HAVE_STRSTR 1
| #define HAVE_STRTOL 1
| #define HAVE_STRTOUL 1
| #define HAVE_POW 1
| #define HAVE_RINT 1
| #define HAVE_SQRT 1
| #define HAVE_ERAND48 1
| #define HAVE_MEMSET 1
| #define HAVE_MEMMOVE 1
| #define HAVE_ERAND48 1
| #define HAVE_ASPRINTF 1
| #define HAVE_VASPRINTF 1
| /* end confdefs.h.  */
| 
| int
| main (void)
| {
| 
| #if !(defined(__ICC) || defined(__ECC) || defined(__INTEL_COMPILER))
|       thisisanerror;
| #endif
| 
|   ;
|   return 0;
| }
configure:16118:  -c  conftest.f >&5
./configure: line 2059: -c: command not found
configure:16118: $? = 127
configure: failed program was:
| /* confdefs.h */
| #define PACKAGE_NAME "ViennaRNA"
| #define PACKAGE_TARNAME "ViennaRNA"
| #define PACKAGE_VERSION "2.6.4"
| #define PACKAGE_STRING "ViennaRNA 2.6.4"
| #define PACKAGE_BUGREPORT "rna@tbi.univie.ac.at"
| #define PACKAGE_URL "https://www.tbi.univie.ac.at/RNA"
| #define HAVE_STDIO_H 1
| #define HAVE_STDLIB_H 1
| #define HAVE_STRING_H 1
| #define HAVE_INTTYPES_H 1
| #define HAVE_STDINT_H 1
| #define HAVE_STRINGS_H 1
| #define HAVE_SYS_STAT_H 1
| #define HAVE_SYS_TYPES_H 1
| #define HAVE_UNISTD_H 1
| #define HAVE_WCHAR_H 1
| #define STDC_HEADERS 1
| #define _ALL_SOURCE 1
| #define _DARWIN_C_SOURCE 1
| #define _GNU_SOURCE 1
| #define _HPUX_ALT_XOPEN_SOCKET_API 1
| #define _NETBSD_SOURCE 1
| #define _OPENBSD_SOURCE 1
| #define _POSIX_PTHREAD_SEMANTICS 1
| #define __STDC_WANT_IEC_60559_ATTRIBS_EXT__ 1
| #define __STDC_WANT_IEC_60559_BFP_EXT__ 1
| #define __STDC_WANT_IEC_60559_DFP_EXT__ 1
| #define __STDC_WANT_IEC_60559_FUNCS_EXT__ 1
| #define __STDC_WANT_IEC_60559_TYPES_EXT__ 1
| #define __STDC_WANT_LIB_EXT2__ 1
| #define __STDC_WANT_MATH_SPEC_FUNCS__ 1
| #define _TANDEM_SOURCE 1
| #define __EXTENSIONS__ 1
| #define PACKAGE "ViennaRNA"
| #define VERSION "2.6.4"
| #define UNUSED __attribute__ ((unused))
| #define HAVE_DLFCN_H 1
| #define LT_OBJDIR ".libs/"
| #define HAVE_LIBM 1
| #define HAVE__BOOL 1
| #define HAVE_STDBOOL_H 1
| #define HAVE_MALLOC_H 1
| #define HAVE_FLOAT_H 1
| #define HAVE_LIMITS_H 1
| #define HAVE_STDLIB_H 1
| #define HAVE_STRING_H 1
| #define HAVE_STRINGS_H 1
| #define HAVE_UNISTD_H 1
| #define HAVE_MATH_H 1
| #define HAVE_STDARG_H 1
| #define HAVE_MALLOC 1
| #define HAVE_REALLOC 1
| #define HAVE_FLOOR 1
| #define HAVE_STRDUP 1
| #define HAVE_STRSTR 1
| #define HAVE_STRCHR 1
| #define HAVE_STRRCHR 1
| #define HAVE_STRSTR 1
| #define HAVE_STRTOL 1
| #define HAVE_STRTOUL 1
| #define HAVE_POW 1
| #define HAVE_RINT 1
| #define HAVE_SQRT 1
| #define HAVE_ERAND48 1
| #define HAVE_MEMSET 1
| #define HAVE_MEMMOVE 1
| #define HAVE_ERAND48 1
| #define HAVE_ASPRINTF 1
| #define HAVE_VASPRINTF 1
| /* end confdefs.h.  */
| 
| int
| main (void)
| {
| 
| #if !(defined(__xlc__) || defined(__xlC__) || defined(__IBMC__) || defined(__IBMCPP__) || defined(__ibmxl__))
|       thisisanerror;
| #endif
| 
|   ;
|   return 0;
| }
configure:16118:  -c  conftest.f >&5
./configure: line 2059: -c: command not found
configure:16118: $? = 127
configure: failed program was:
| /* confdefs.h */
| #define PACKAGE_NAME "ViennaRNA"
| #define PACKAGE_TARNAME "ViennaRNA"
| #define PACKAGE_VERSION "2.6.4"
| #define PACKAGE_STRING "ViennaRNA 2.6.4"
| #define PACKAGE_BUGREPORT "rna@tbi.univie.ac.at"
| #define PACKAGE_URL "https://www.tbi.univie.ac.at/RNA"
| #define HAVE_STDIO_H 1
| #define HAVE_STDLIB_H 1
| #define HAVE_STRING_H 1
| #define HAVE_INTTYPES_H 1
| #define HAVE_STDINT_H 1
| #define HAVE_STRINGS_H 1
| #define HAVE_SYS_STAT_H 1
| #define HAVE_SYS_TYPES_H 1
| #define HAVE_UNISTD_H 1
| #define HAVE_WCHAR_H 1
| #define STDC_HEADERS 1
| #define _ALL_SOURCE 1
| #define _DARWIN_C_SOURCE 1
| #define _GNU_SOURCE 1
| #define _HPUX_ALT_XOPEN_SOCKET_API 1
| #define _NETBSD_SOURCE 1
| #define _OPENBSD_SOURCE 1
| #define _POSIX_PTHREAD_SEMANTICS 1
| #define __STDC_WANT_IEC_60559_ATTRIBS_EXT__ 1
| #define __STDC_WANT_IEC_60559_BFP_EXT__ 1
| #define __STDC_WANT_IEC_60559_DFP_EXT__ 1
| #define __STDC_WANT_IEC_60559_FUNCS_EXT__ 1
| #define __STDC_WANT_IEC_60559_TYPES_EXT__ 1
| #define __STDC_WANT_LIB_EXT2__ 1
| #define __STDC_WANT_MATH_SPEC_FUNCS__ 1
| #define _TANDEM_SOURCE 1
| #define __EXTENSIONS__ 1
| #define PACKAGE "ViennaRNA"
| #define VERSION "2.6.4"
| #define UNUSED __attribute__ ((unused))
| #define HAVE_DLFCN_H 1
| #define LT_OBJDIR ".libs/"
| #define HAVE_LIBM 1
| #define HAVE__BOOL 1
| #define HAVE_STDBOOL_H 1
| #define HAVE_MALLOC_H 1
| #define HAVE_FLOAT_H 1
| #define HAVE_LIMITS_H 1
| #define HAVE_STDLIB_H 1
| #define HAVE_STRING_H 1
| #define HAVE_STRINGS_H 1
| #define HAVE_UNISTD_H 1
| #define HAVE_MATH_H 1
| #define HAVE_STDARG_H 1
| #define HAVE_MALLOC 1
| #define HAVE_REALLOC 1
| #define HAVE_FLOOR 1
| #define HAVE_STRDUP 1
| #define HAVE_STRSTR 1
| #define HAVE_STRCHR 1
| #define HAVE_STRRCHR 1
| #define HAVE_STRSTR 1
| #define HAVE_STRTOL 1
| #define HAVE_STRTOUL 1
| #define HAVE_POW 1
| #define HAVE_RINT 1
| #define HAVE_SQRT 1
| #define HAVE_ERAND48 1
| #define HAVE_MEMSET 1
| #define HAVE_MEMMOVE 1
| #define HAVE_ERAND48 1
| #define HAVE_ASPRINTF 1
| #define HAVE_VASPRINTF 1
| /* end confdefs.h.  */
| 
| int
| main (void)
| {
| 
| #if !(defined(__PATHCC__) || defined(__PATHSCALE__))
|       thisisanerror;
| #endif
| 
|   ;
|   return 0;
| }
configure:16118:  -c  conftest.f >&5
./configure: line 2059: -c: command not found
configure:16118: $? = 127
configure: failed program was:
| /* confdefs.h */
| #define PACKAGE_NAME "ViennaRNA"
| #define PACKAGE_TARNAME "ViennaRNA"
| #define PACKAGE_VERSION "2.6.4"
| #define PACKAGE_STRING "ViennaRNA 2.6.4"
| #define PACKAGE_BUGREPORT "rna@tbi.univie.ac.at"
| #define PACKAGE_URL "https://www.tbi.univie.ac.at/RNA"
| #define HAVE_STDIO_H 1
| #define HAVE_STDLIB_H 1
| #define HAVE_STRING_H 1
| #define HAVE_INTTYPES_H 1
| #define HAVE_STDINT_H 1
| #define HAVE_STRINGS_H 1
| #define HAVE_SYS_STAT_H 1
| #define HAVE_SYS_TYPES_H 1
| #define HAVE_UNISTD_H 1
| #define HAVE_WCHAR_H 1
| #define STDC_HEADERS 1
| #define _ALL_SOURCE 1
| #define _DARWIN_C_SOURCE 1
| #define _GNU_SOURCE 1
| #define _HPUX_ALT_XOPEN_SOCKET_API 1
| #define _NETBSD_SOURCE 1
| #define _OPENBSD_SOURCE 1
| #define _POSIX_PTHREAD_SEMANTICS 1
| #define __STDC_WANT_IEC_60559_ATTRIBS_EXT__ 1
| #define __STDC_WANT_IEC_60559_BFP_EXT__ 1
| #define __STDC_WANT_IEC_60559_DFP_EXT__ 1
| #define __STDC_WANT_IEC_60559_FUNCS_EXT__ 1
| #define __STDC_WANT_IEC_60559_TYPES_EXT__ 1
| #define __STDC_WANT_LIB_EXT2__ 1
| #define __STDC_WANT_MATH_SPEC_FUNCS__ 1
| #define _TANDEM_SOURCE 1
| #define __EXTENSIONS__ 1
| #define PACKAGE "ViennaRNA"
| #define VERSION "2.6.4"
| #define UNUSED __attribute__ ((unused))
| #define HAVE_DLFCN_H 1
| #define LT_OBJDIR ".libs/"
| #define HAVE_LIBM 1
| #define HAVE__BOOL 1
| #define HAVE_STDBOOL_H 1
| #define HAVE_MALLOC_H 1
| #define HAVE_FLOAT_H 1
| #define HAVE_LIMITS_H 1
| #define HAVE_STDLIB_H 1
| #define HAVE_STRING_H 1
| #define HAVE_STRINGS_H 1
| #define HAVE_UNISTD_H 1
| #define HAVE_MATH_H 1
| #define HAVE_STDARG_H 1
| #define HAVE_MALLOC 1
| #define HAVE_REALLOC 1
| #define HAVE_FLOOR 1
| #define HAVE_STRDUP 1
| #define HAVE_STRSTR 1
| #define HAVE_STRCHR 1
| #define HAVE_STRRCHR 1
| #define HAVE_STRSTR 1
| #define HAVE_STRTOL 1
| #define HAVE_STRTOUL 1
| #define HAVE_POW 1
| #define HAVE_RINT 1
| #define HAVE_SQRT 1
| #define HAVE_ERAND48 1
| #define HAVE_MEMSET 1
| #define HAVE_MEMMOVE 1
| #define HAVE_ERAND48 1
| #define HAVE_ASPRINTF 1
| #define HAVE_VASPRINTF 1
| /* end confdefs.h.  */
| 
| int
| main (void)
| {
| 
| #if !(defined(__clang__))
|       thisisanerror;
| #endif
| 
|   ;
|   return 0;
| }
configure:16118:  -c  conftest.f >&5
./configure: line 2059: -c: command not found
configure:16118: $? = 127
configure: failed program was:
| /* confdefs.h */
| #define PACKAGE_NAME "ViennaRNA"
| #define PACKAGE_TARNAME "ViennaRNA"
| #define PACKAGE_VERSION "2.6.4"
| #define PACKAGE_STRING "ViennaRNA 2.6.4"
| #define PACKAGE_BUGREPORT "rna@tbi.univie.ac.at"
| #define PACKAGE_URL "https://www.tbi.univie.ac.at/RNA"
| #define HAVE_STDIO_H 1
| #define HAVE_STDLIB_H 1
| #define HAVE_STRING_H 1
| #define HAVE_INTTYPES_H 1
| #define HAVE_STDINT_H 1
| #define HAVE_STRINGS_H 1
| #define HAVE_SYS_STAT_H 1
| #define HAVE_SYS_TYPES_H 1
| #define HAVE_UNISTD_H 1
| #define HAVE_WCHAR_H 1
| #define STDC_HEADERS 1
| #define _ALL_SOURCE 1
| #define _DARWIN_C_SOURCE 1
| #define _GNU_SOURCE 1
| #define _HPUX_ALT_XOPEN_SOCKET_API 1
| #define _NETBSD_SOURCE 1
| #define _OPENBSD_SOURCE 1
| #define _POSIX_PTHREAD_SEMANTICS 1
| #define __STDC_WANT_IEC_60559_ATTRIBS_EXT__ 1
| #define __STDC_WANT_IEC_60559_BFP_EXT__ 1
| #define __STDC_WANT_IEC_60559_DFP_EXT__ 1
| #define __STDC_WANT_IEC_60559_FUNCS_EXT__ 1
| #define __STDC_WANT_IEC_60559_TYPES_EXT__ 1
| #define __STDC_WANT_LIB_EXT2__ 1
| #define __STDC_WANT_MATH_SPEC_FUNCS__ 1
| #define _TANDEM_SOURCE 1
| #define __EXTENSIONS__ 1
| #define PACKAGE "ViennaRNA"
| #define VERSION "2.6.4"
| #define UNUSED __attribute__ ((unused))
| #define HAVE_DLFCN_H 1
| #define LT_OBJDIR ".libs/"
| #define HAVE_LIBM 1
| #define HAVE__BOOL 1
| #define HAVE_STDBOOL_H 1
| #define HAVE_MALLOC_H 1
| #define HAVE_FLOAT_H 1
| #define HAVE_LIMITS_H 1
| #define HAVE_STDLIB_H 1
| #define HAVE_STRING_H 1
| #define HAVE_STRINGS_H 1
| #define HAVE_UNISTD_H 1
| #define HAVE_MATH_H 1
| #define HAVE_STDARG_H 1
| #define HAVE_MALLOC 1
| #define HAVE_REALLOC 1
| #define HAVE_FLOOR 1
| #define HAVE_STRDUP 1
| #define HAVE_STRSTR 1
| #define HAVE_STRCHR 1
| #define HAVE_STRRCHR 1
| #define HAVE_STRSTR 1
| #define HAVE_STRTOL 1
| #define HAVE_STRTOUL 1
| #define HAVE_POW 1
| #define HAVE_RINT 1
| #define HAVE_SQRT 1
| #define HAVE_ERAND48 1
| #define HAVE_MEMSET 1
| #define HAVE_MEMMOVE 1
| #define HAVE_ERAND48 1
| #define HAVE_ASPRINTF 1
| #define HAVE_VASPRINTF 1
| /* end confdefs.h.  */
| 
| int
| main (void)
| {
| 
| #if !(defined(_CRAYC))
|       thisisanerror;
| #endif
| 
|   ;
|   return 0;
| }
configure:16118:  -c  conftest.f >&5
./configure: line 2059: -c: command not found
configure:16118: $? = 127
configure: failed program was:
| /* confdefs.h */
| #define PACKAGE_NAME "ViennaRNA"
| #define PACKAGE_TARNAME "ViennaRNA"
| #define PACKAGE_VERSION "2.6.4"
| #define PACKAGE_STRING "ViennaRNA 2.6.4"
| #define PACKAGE_BUGREPORT "rna@tbi.univie.ac.at"
| #define PACKAGE_URL "https://www.tbi.univie.ac.at/RNA"
| #define HAVE_STDIO_H 1
| #define HAVE_STDLIB_H 1
| #define HAVE_STRING_H 1
| #define HAVE_INTTYPES_H 1
| #define HAVE_STDINT_H 1
| #define HAVE_STRINGS_H 1
| #define HAVE_SYS_STAT_H 1
| #define HAVE_SYS_TYPES_H 1
| #define HAVE_UNISTD_H 1
| #define HAVE_WCHAR_H 1
| #define STDC_HEADERS 1
| #define _ALL_SOURCE 1
| #define _DARWIN_C_SOURCE 1
| #define _GNU_SOURCE 1
| #define _HPUX_ALT_XOPEN_SOCKET_API 1
| #define _NETBSD_SOURCE 1
| #define _OPENBSD_SOURCE 1
| #define _POSIX_PTHREAD_SEMANTICS 1
| #define __STDC_WANT_IEC_60559_ATTRIBS_EXT__ 1
| #define __STDC_WANT_IEC_60559_BFP_EXT__ 1
| #define __STDC_WANT_IEC_60559_DFP_EXT__ 1
| #define __STDC_WANT_IEC_60559_FUNCS_EXT__ 1
| #define __STDC_WANT_IEC_60559_TYPES_EXT__ 1
| #define __STDC_WANT_LIB_EXT2__ 1
| #define __STDC_WANT_MATH_SPEC_FUNCS__ 1
| #define _TANDEM_SOURCE 1
| #define __EXTENSIONS__ 1
| #define PACKAGE "ViennaRNA"
| #define VERSION "2.6.4"
| #define UNUSED __attribute__ ((unused))
| #define HAVE_DLFCN_H 1
| #define LT_OBJDIR ".libs/"
| #define HAVE_LIBM 1
| #define HAVE__BOOL 1
| #define HAVE_STDBOOL_H 1
| #define HAVE_MALLOC_H 1
| #define HAVE_FLOAT_H 1
| #define HAVE_LIMITS_H 1
| #define HAVE_STDLIB_H 1
| #define HAVE_STRING_H 1
| #define HAVE_STRINGS_H 1
| #define HAVE_UNISTD_H 1
| #define HAVE_MATH_H 1
| #define HAVE_STDARG_H 1
| #define HAVE_MALLOC 1
| #define HAVE_REALLOC 1
| #define HAVE_FLOOR 1
| #define HAVE_STRDUP 1
| #define HAVE_STRSTR 1
| #define HAVE_STRCHR 1
| #define HAVE_STRRCHR 1
| #define HAVE_STRSTR 1
| #define HAVE_STRTOL 1
| #define HAVE_STRTOUL 1
| #define HAVE_POW 1
| #define HAVE_RINT 1
| #define HAVE_SQRT 1
| #define HAVE_ERAND48 1
| #define HAVE_MEMSET 1
| #define HAVE_MEMMOVE 1
| #define HAVE_ERAND48 1
| #define HAVE_ASPRINTF 1
| #define HAVE_VASPRINTF 1
| /* end confdefs.h.  */
| 
| int
| main (void)
| {
| 
| #if !(defined(__FUJITSU))
|       thisisanerror;
| #endif
| 
|   ;
|   return 0;
| }
configure:16118:  -c  conftest.f >&5
./configure: line 2059: -c: command not found
configure:16118: $? = 127
configure: failed program was:
| /* confdefs.h */
| #define PACKAGE_NAME "ViennaRNA"
| #define PACKAGE_TARNAME "ViennaRNA"
| #define PACKAGE_VERSION "2.6.4"
| #define PACKAGE_STRING "ViennaRNA 2.6.4"
| #define PACKAGE_BUGREPORT "rna@tbi.univie.ac.at"
| #define PACKAGE_URL "https://www.tbi.univie.ac.at/RNA"
| #define HAVE_STDIO_H 1
| #define HAVE_STDLIB_H 1
| #define HAVE_STRING_H 1
| #define HAVE_INTTYPES_H 1
| #define HAVE_STDINT_H 1
| #define HAVE_STRINGS_H 1
| #define HAVE_SYS_STAT_H 1
| #define HAVE_SYS_TYPES_H 1
| #define HAVE_UNISTD_H 1
| #define HAVE_WCHAR_H 1
| #define STDC_HEADERS 1
| #define _ALL_SOURCE 1
| #define _DARWIN_C_SOURCE 1
| #define _GNU_SOURCE 1
| #define _HPUX_ALT_XOPEN_SOCKET_API 1
| #define _NETBSD_SOURCE 1
| #define _OPENBSD_SOURCE 1
| #define _POSIX_PTHREAD_SEMANTICS 1
| #define __STDC_WANT_IEC_60559_ATTRIBS_EXT__ 1
| #define __STDC_WANT_IEC_60559_BFP_EXT__ 1
| #define __STDC_WANT_IEC_60559_DFP_EXT__ 1
| #define __STDC_WANT_IEC_60559_FUNCS_EXT__ 1
| #define __STDC_WANT_IEC_60559_TYPES_EXT__ 1
| #define __STDC_WANT_LIB_EXT2__ 1
| #define __STDC_WANT_MATH_SPEC_FUNCS__ 1
| #define _TANDEM_SOURCE 1
| #define __EXTENSIONS__ 1
| #define PACKAGE "ViennaRNA"
| #define VERSION "2.6.4"
| #define UNUSED __attribute__ ((unused))
| #define HAVE_DLFCN_H 1
| #define LT_OBJDIR ".libs/"
| #define HAVE_LIBM 1
| #define HAVE__BOOL 1
| #define HAVE_STDBOOL_H 1
| #define HAVE_MALLOC_H 1
| #define HAVE_FLOAT_H 1
| #define HAVE_LIMITS_H 1
| #define HAVE_STDLIB_H 1
| #define HAVE_STRING_H 1
| #define HAVE_STRINGS_H 1
| #define HAVE_UNISTD_H 1
| #define HAVE_MATH_H 1
| #define HAVE_STDARG_H 1
| #define HAVE_MALLOC 1
| #define HAVE_REALLOC 1
| #define HAVE_FLOOR 1
| #define HAVE_STRDUP 1
| #define HAVE_STRSTR 1
| #define HAVE_STRCHR 1
| #define HAVE_STRRCHR 1
| #define HAVE_STRSTR 1
| #define HAVE_STRTOL 1
| #define HAVE_STRTOUL 1
| #define HAVE_POW 1
| #define HAVE_RINT 1
| #define HAVE_SQRT 1
| #define HAVE_ERAND48 1
| #define HAVE_MEMSET 1
| #define HAVE_MEMMOVE 1
| #define HAVE_ERAND48 1
| #define HAVE_ASPRINTF 1
| #define HAVE_VASPRINTF 1
| /* end confdefs.h.  */
| 
| int
| main (void)
| {
| 
| #if !(defined(SDCC) || defined(__SDCC))
|       thisisanerror;
| #endif
| 
|   ;
|   return 0;
| }
configure:16118:  -c  conftest.f >&5
./configure: line 2059: -c: command not found
configure:16118: $? = 127
configure: failed program was:
| /* confdefs.h */
| #define PACKAGE_NAME "ViennaRNA"
| #define PACKAGE_TARNAME "ViennaRNA"
| #define PACKAGE_VERSION "2.6.4"
| #define PACKAGE_STRING "ViennaRNA 2.6.4"
| #define PACKAGE_BUGREPORT "rna@tbi.univie.ac.at"
| #define PACKAGE_URL "https://www.tbi.univie.ac.at/RNA"
| #define HAVE_STDIO_H 1
| #define HAVE_STDLIB_H 1
| #define HAVE_STRING_H 1
| #define HAVE_INTTYPES_H 1
| #define HAVE_STDINT_H 1
| #define HAVE_STRINGS_H 1
| #define HAVE_SYS_STAT_H 1
| #define HAVE_SYS_TYPES_H 1
| #define HAVE_UNISTD_H 1
| #define HAVE_WCHAR_H 1
| #define STDC_HEADERS 1
| #define _ALL_SOURCE 1
| #define _DARWIN_C_SOURCE 1
| #define _GNU_SOURCE 1
| #define _HPUX_ALT_XOPEN_SOCKET_API 1
| #define _NETBSD_SOURCE 1
| #define _OPENBSD_SOURCE 1
| #define _POSIX_PTHREAD_SEMANTICS 1
| #define __STDC_WANT_IEC_60559_ATTRIBS_EXT__ 1
| #define __STDC_WANT_IEC_60559_BFP_EXT__ 1
| #define __STDC_WANT_IEC_60559_DFP_EXT__ 1
| #define __STDC_WANT_IEC_60559_FUNCS_EXT__ 1
| #define __STDC_WANT_IEC_60559_TYPES_EXT__ 1
| #define __STDC_WANT_LIB_EXT2__ 1
| #define __STDC_WANT_MATH_SPEC_FUNCS__ 1
| #define _TANDEM_SOURCE 1
| #define __EXTENSIONS__ 1
| #define PACKAGE "ViennaRNA"
| #define VERSION "2.6.4"
| #define UNUSED __attribute__ ((unused))
| #define HAVE_DLFCN_H 1
| #define LT_OBJDIR ".libs/"
| #define HAVE_LIBM 1
| #define HAVE__BOOL 1
| #define HAVE_STDBOOL_H 1
| #define HAVE_MALLOC_H 1
| #define HAVE_FLOAT_H 1
| #define HAVE_LIMITS_H 1
| #define HAVE_STDLIB_H 1
| #define HAVE_STRING_H 1
| #define HAVE_STRINGS_H 1
| #define HAVE_UNISTD_H 1
| #define HAVE_MATH_H 1
| #define HAVE_STDARG_H 1
| #define HAVE_MALLOC 1
| #define HAVE_REALLOC 1
| #define HAVE_FLOOR 1
| #define HAVE_STRDUP 1
| #define HAVE_STRSTR 1
| #define HAVE_STRCHR 1
| #define HAVE_STRRCHR 1
| #define HAVE_STRSTR 1
| #define HAVE_STRTOL 1
| #define HAVE_STRTOUL 1
| #define HAVE_POW 1
| #define HAVE_RINT 1
| #define HAVE_SQRT 1
| #define HAVE_ERAND48 1
| #define HAVE_MEMSET 1
| #define HAVE_MEMMOVE 1
| #define HAVE_ERAND48 1
| #define HAVE_ASPRINTF 1
| #define HAVE_VASPRINTF 1
| /* end confdefs.h.  */
| 
| int
| main (void)
| {
| 
| #if !(defined(_SX))
|       thisisanerror;
| #endif
| 
|   ;
|   return 0;
| }
configure:16118:  -c  conftest.f >&5
./configure: line 2059: -c: command not found
configure:16118: $? = 127
configure: failed program was:
| /* confdefs.h */
| #define PACKAGE_NAME "ViennaRNA"
| #define PACKAGE_TARNAME "ViennaRNA"
| #define PACKAGE_VERSION "2.6.4"
| #define PACKAGE_STRING "ViennaRNA 2.6.4"
| #define PACKAGE_BUGREPORT "rna@tbi.univie.ac.at"
| #define PACKAGE_URL "https://www.tbi.univie.ac.at/RNA"
| #define HAVE_STDIO_H 1
| #define HAVE_STDLIB_H 1
| #define HAVE_STRING_H 1
| #define HAVE_INTTYPES_H 1
| #define HAVE_STDINT_H 1
| #define HAVE_STRINGS_H 1
| #define HAVE_SYS_STAT_H 1
| #define HAVE_SYS_TYPES_H 1
| #define HAVE_UNISTD_H 1
| #define HAVE_WCHAR_H 1
| #define STDC_HEADERS 1
| #define _ALL_SOURCE 1
| #define _DARWIN_C_SOURCE 1
| #define _GNU_SOURCE 1
| #define _HPUX_ALT_XOPEN_SOCKET_API 1
| #define _NETBSD_SOURCE 1
| #define _OPENBSD_SOURCE 1
| #define _POSIX_PTHREAD_SEMANTICS 1
| #define __STDC_WANT_IEC_60559_ATTRIBS_EXT__ 1
| #define __STDC_WANT_IEC_60559_BFP_EXT__ 1
| #define __STDC_WANT_IEC_60559_DFP_EXT__ 1
| #define __STDC_WANT_IEC_60559_FUNCS_EXT__ 1
| #define __STDC_WANT_IEC_60559_TYPES_EXT__ 1
| #define __STDC_WANT_LIB_EXT2__ 1
| #define __STDC_WANT_MATH_SPEC_FUNCS__ 1
| #define _TANDEM_SOURCE 1
| #define __EXTENSIONS__ 1
| #define PACKAGE "ViennaRNA"
| #define VERSION "2.6.4"
| #define UNUSED __attribute__ ((unused))
| #define HAVE_DLFCN_H 1
| #define LT_OBJDIR ".libs/"
| #define HAVE_LIBM 1
| #define HAVE__BOOL 1
| #define HAVE_STDBOOL_H 1
| #define HAVE_MALLOC_H 1
| #define HAVE_FLOAT_H 1
| #define HAVE_LIMITS_H 1
| #define HAVE_STDLIB_H 1
| #define HAVE_STRING_H 1
| #define HAVE_STRINGS_H 1
| #define HAVE_UNISTD_H 1
| #define HAVE_MATH_H 1
| #define HAVE_STDARG_H 1
| #define HAVE_MALLOC 1
| #define HAVE_REALLOC 1
| #define HAVE_FLOOR 1
| #define HAVE_STRDUP 1
| #define HAVE_STRSTR 1
| #define HAVE_STRCHR 1
| #define HAVE_STRRCHR 1
| #define HAVE_STRSTR 1
| #define HAVE_STRTOL 1
| #define HAVE_STRTOUL 1
| #define HAVE_POW 1
| #define HAVE_RINT 1
| #define HAVE_SQRT 1
| #define HAVE_ERAND48 1
| #define HAVE_MEMSET 1
| #define HAVE_MEMMOVE 1
| #define HAVE_ERAND48 1
| #define HAVE_ASPRINTF 1
| #define HAVE_VASPRINTF 1
| /* end confdefs.h.  */
| 
| int
| main (void)
| {
| 
| #if !(defined(__NVCOMPILER))
|       thisisanerror;
| #endif
| 
|   ;
|   return 0;
| }
configure:16118:  -c  conftest.f >&5
./configure: line 2059: -c: command not found
configure:16118: $? = 127
configure: failed program was:
| /* confdefs.h */
| #define PACKAGE_NAME "ViennaRNA"
| #define PACKAGE_TARNAME "ViennaRNA"
| #define PACKAGE_VERSION "2.6.4"
| #define PACKAGE_STRING "ViennaRNA 2.6.4"
| #define PACKAGE_BUGREPORT "rna@tbi.univie.ac.at"
| #define PACKAGE_URL "https://www.tbi.univie.ac.at/RNA"
| #define HAVE_STDIO_H 1
| #define HAVE_STDLIB_H 1
| #define HAVE_STRING_H 1
| #define HAVE_INTTYPES_H 1
| #define HAVE_STDINT_H 1
| #define HAVE_STRINGS_H 1
| #define HAVE_SYS_STAT_H 1
| #define HAVE_SYS_TYPES_H 1
| #define HAVE_UNISTD_H 1
| #define HAVE_WCHAR_H 1
| #define STDC_HEADERS 1
| #define _ALL_SOURCE 1
| #define _DARWIN_C_SOURCE 1
| #define _GNU_SOURCE 1
| #define _HPUX_ALT_XOPEN_SOCKET_API 1
| #define _NETBSD_SOURCE 1
| #define _OPENBSD_SOURCE 1
| #define _POSIX_PTHREAD_SEMANTICS 1
| #define __STDC_WANT_IEC_60559_ATTRIBS_EXT__ 1
| #define __STDC_WANT_IEC_60559_BFP_EXT__ 1
| #define __STDC_WANT_IEC_60559_DFP_EXT__ 1
| #define __STDC_WANT_IEC_60559_FUNCS_EXT__ 1
| #define __STDC_WANT_IEC_60559_TYPES_EXT__ 1
| #define __STDC_WANT_LIB_EXT2__ 1
| #define __STDC_WANT_MATH_SPEC_FUNCS__ 1
| #define _TANDEM_SOURCE 1
| #define __EXTENSIONS__ 1
| #define PACKAGE "ViennaRNA"
| #define VERSION "2.6.4"
| #define UNUSED __attribute__ ((unused))
| #define HAVE_DLFCN_H 1
| #define LT_OBJDIR ".libs/"
| #define HAVE_LIBM 1
| #define HAVE__BOOL 1
| #define HAVE_STDBOOL_H 1
| #define HAVE_MALLOC_H 1
| #define HAVE_FLOAT_H 1
| #define HAVE_LIMITS_H 1
| #define HAVE_STDLIB_H 1
| #define HAVE_STRING_H 1
| #define HAVE_STRINGS_H 1
| #define HAVE_UNISTD_H 1
| #define HAVE_MATH_H 1
| #define HAVE_STDARG_H 1
| #define HAVE_MALLOC 1
| #define HAVE_REALLOC 1
| #define HAVE_FLOOR 1
| #define HAVE_STRDUP 1
| #define HAVE_STRSTR 1
| #define HAVE_STRCHR 1
| #define HAVE_STRRCHR 1
| #define HAVE_STRSTR 1
| #define HAVE_STRTOL 1
| #define HAVE_STRTOUL 1
| #define HAVE_POW 1
| #define HAVE_RINT 1
| #define HAVE_SQRT 1
| #define HAVE_ERAND48 1
| #define HAVE_MEMSET 1
| #define HAVE_MEMMOVE 1
| #define HAVE_ERAND48 1
| #define HAVE_ASPRINTF 1
| #define HAVE_VASPRINTF 1
| /* end confdefs.h.  */
| 
| int
| main (void)
| {
| 
| #if !(defined(__PGI))
|       thisisanerror;
| #endif
| 
|   ;
|   return 0;
| }
configure:16118:  -c  conftest.f >&5
./configure: line 2059: -c: command not found
configure:16118: $? = 127
configure: failed program was:
| /* confdefs.h */
| #define PACKAGE_NAME "ViennaRNA"
| #define PACKAGE_TARNAME "ViennaRNA"
| #define PACKAGE_VERSION "2.6.4"
| #define PACKAGE_STRING "ViennaRNA 2.6.4"
| #define PACKAGE_BUGREPORT "rna@tbi.univie.ac.at"
| #define PACKAGE_URL "https://www.tbi.univie.ac.at/RNA"
| #define HAVE_STDIO_H 1
| #define HAVE_STDLIB_H 1
| #define HAVE_STRING_H 1
| #define HAVE_INTTYPES_H 1
| #define HAVE_STDINT_H 1
| #define HAVE_STRINGS_H 1
| #define HAVE_SYS_STAT_H 1
| #define HAVE_SYS_TYPES_H 1
| #define HAVE_UNISTD_H 1
| #define HAVE_WCHAR_H 1
| #define STDC_HEADERS 1
| #define _ALL_SOURCE 1
| #define _DARWIN_C_SOURCE 1
| #define _GNU_SOURCE 1
| #define _HPUX_ALT_XOPEN_SOCKET_API 1
| #define _NETBSD_SOURCE 1
| #define _OPENBSD_SOURCE 1
| #define _POSIX_PTHREAD_SEMANTICS 1
| #define __STDC_WANT_IEC_60559_ATTRIBS_EXT__ 1
| #define __STDC_WANT_IEC_60559_BFP_EXT__ 1
| #define __STDC_WANT_IEC_60559_DFP_EXT__ 1
| #define __STDC_WANT_IEC_60559_FUNCS_EXT__ 1
| #define __STDC_WANT_IEC_60559_TYPES_EXT__ 1
| #define __STDC_WANT_LIB_EXT2__ 1
| #define __STDC_WANT_MATH_SPEC_FUNCS__ 1
| #define _TANDEM_SOURCE 1
| #define __EXTENSIONS__ 1
| #define PACKAGE "ViennaRNA"
| #define VERSION "2.6.4"
| #define UNUSED __attribute__ ((unused))
| #define HAVE_DLFCN_H 1
| #define LT_OBJDIR ".libs/"
| #define HAVE_LIBM 1
| #define HAVE__BOOL 1
| #define HAVE_STDBOOL_H 1
| #define HAVE_MALLOC_H 1
| #define HAVE_FLOAT_H 1
| #define HAVE_LIMITS_H 1
| #define HAVE_STDLIB_H 1
| #define HAVE_STRING_H 1
| #define HAVE_STRINGS_H 1
| #define HAVE_UNISTD_H 1
| #define HAVE_MATH_H 1
| #define HAVE_STDARG_H 1
| #define HAVE_MALLOC 1
| #define HAVE_REALLOC 1
| #define HAVE_FLOOR 1
| #define HAVE_STRDUP 1
| #define HAVE_STRSTR 1
| #define HAVE_STRCHR 1
| #define HAVE_STRRCHR 1
| #define HAVE_STRSTR 1
| #define HAVE_STRTOL 1
| #define HAVE_STRTOUL 1
| #define HAVE_POW 1
| #define HAVE_RINT 1
| #define HAVE_SQRT 1
| #define HAVE_ERAND48 1
| #define HAVE_MEMSET 1
| #define HAVE_MEMMOVE 1
| #define HAVE_ERAND48 1
| #define HAVE_ASPRINTF 1
| #define HAVE_VASPRINTF 1
| /* end confdefs.h.  */
| 
| int
| main (void)
| {
| 
| #if !(defined(__GNUC__))
|       thisisanerror;
| #endif
| 
|   ;
|   return 0;
| }
configure:16118:  -c  conftest.f >&5
./configure: line 2059: -c: command not found
configure:16118: $? = 127
configure: failed program was:
| /* confdefs.h */
| #define PACKAGE_NAME "ViennaRNA"
| #define PACKAGE_TARNAME "ViennaRNA"
| #define PACKAGE_VERSION "2.6.4"
| #define PACKAGE_STRING "ViennaRNA 2.6.4"
| #define PACKAGE_BUGREPORT "rna@tbi.univie.ac.at"
| #define PACKAGE_URL "https://www.tbi.univie.ac.at/RNA"
| #define HAVE_STDIO_H 1
| #define HAVE_STDLIB_H 1
| #define HAVE_STRING_H 1
| #define HAVE_INTTYPES_H 1
| #define HAVE_STDINT_H 1
| #define HAVE_STRINGS_H 1
| #define HAVE_SYS_STAT_H 1
| #define HAVE_SYS_TYPES_H 1
| #define HAVE_UNISTD_H 1
| #define HAVE_WCHAR_H 1
| #define STDC_HEADERS 1
| #define _ALL_SOURCE 1
| #define _DARWIN_C_SOURCE 1
| #define _GNU_SOURCE 1
| #define _HPUX_ALT_XOPEN_SOCKET_API 1
| #define _NETBSD_SOURCE 1
| #define _OPENBSD_SOURCE 1
| #define _POSIX_PTHREAD_SEMANTICS 1
| #define __STDC_WANT_IEC_60559_ATTRIBS_EXT__ 1
| #define __STDC_WANT_IEC_60559_BFP_EXT__ 1
| #define __STDC_WANT_IEC_60559_DFP_EXT__ 1
| #define __STDC_WANT_IEC_60559_FUNCS_EXT__ 1
| #define __STDC_WANT_IEC_60559_TYPES_EXT__ 1
| #define __STDC_WANT_LIB_EXT2__ 1
| #define __STDC_WANT_MATH_SPEC_FUNCS__ 1
| #define _TANDEM_SOURCE 1
| #define __EXTENSIONS__ 1
| #define PACKAGE "ViennaRNA"
| #define VERSION "2.6.4"
| #define UNUSED __attribute__ ((unused))
| #define HAVE_DLFCN_H 1
| #define LT_OBJDIR ".libs/"
| #define HAVE_LIBM 1
| #define HAVE__BOOL 1
| #define HAVE_STDBOOL_H 1
| #define HAVE_MALLOC_H 1
| #define HAVE_FLOAT_H 1
| #define HAVE_LIMITS_H 1
| #define HAVE_STDLIB_H 1
| #define HAVE_STRING_H 1
| #define HAVE_STRINGS_H 1
| #define HAVE_UNISTD_H 1
| #define HAVE_MATH_H 1
| #define HAVE_STDARG_H 1
| #define HAVE_MALLOC 1
| #define HAVE_REALLOC 1
| #define HAVE_FLOOR 1
| #define HAVE_STRDUP 1
| #define HAVE_STRSTR 1
| #define HAVE_STRCHR 1
| #define HAVE_STRRCHR 1
| #define HAVE_STRSTR 1
| #define HAVE_STRTOL 1
| #define HAVE_STRTOUL 1
| #define HAVE_POW 1
| #define HAVE_RINT 1
| #define HAVE_SQRT 1
| #define HAVE_ERAND48 1
| #define HAVE_MEMSET 1
| #define HAVE_MEMMOVE 1
| #define HAVE_ERAND48 1
| #define HAVE_ASPRINTF 1
| #define HAVE_VASPRINTF 1
| /* end confdefs.h.  */
| 
| int
| main (void)
| {
| 
| #if !(defined(__SUNPRO_C) || defined(__SUNPRO_CC) || defined(__SUNPRO_F90) || defined(__SUNPRO_F95))
|       thisisanerror;
| #endif
| 
|   ;
|   return 0;
| }
configure:16118:  -c  conftest.f >&5
./configure: line 2059: -c: command not found
configure:16118: $? = 127
configure: failed program was:
| /* confdefs.h */
| #define PACKAGE_NAME "ViennaRNA"
| #define PACKAGE_TARNAME "ViennaRNA"
| #define PACKAGE_VERSION "2.6.4"
| #define PACKAGE_STRING "ViennaRNA 2.6.4"
| #define PACKAGE_BUGREPORT "rna@tbi.univie.ac.at"
| #define PACKAGE_URL "https://www.tbi.univie.ac.at/RNA"
| #define HAVE_STDIO_H 1
| #define HAVE_STDLIB_H 1
| #define HAVE_STRING_H 1
| #define HAVE_INTTYPES_H 1
| #define HAVE_STDINT_H 1
| #define HAVE_STRINGS_H 1
| #define HAVE_SYS_STAT_H 1
| #define HAVE_SYS_TYPES_H 1
| #define HAVE_UNISTD_H 1
| #define HAVE_WCHAR_H 1
| #define STDC_HEADERS 1
| #define _ALL_SOURCE 1
| #define _DARWIN_C_SOURCE 1
| #define _GNU_SOURCE 1
| #define _HPUX_ALT_XOPEN_SOCKET_API 1
| #define _NETBSD_SOURCE 1
| #define _OPENBSD_SOURCE 1
| #define _POSIX_PTHREAD_SEMANTICS 1
| #define __STDC_WANT_IEC_60559_ATTRIBS_EXT__ 1
| #define __STDC_WANT_IEC_60559_BFP_EXT__ 1
| #define __STDC_WANT_IEC_60559_DFP_EXT__ 1
| #define __STDC_WANT_IEC_60559_FUNCS_EXT__ 1
| #define __STDC_WANT_IEC_60559_TYPES_EXT__ 1
| #define __STDC_WANT_LIB_EXT2__ 1
| #define __STDC_WANT_MATH_SPEC_FUNCS__ 1
| #define _TANDEM_SOURCE 1
| #define __EXTENSIONS__ 1
| #define PACKAGE "ViennaRNA"
| #define VERSION "2.6.4"
| #define UNUSED __attribute__ ((unused))
| #define HAVE_DLFCN_H 1
| #define LT_OBJDIR ".libs/"
| #define HAVE_LIBM 1
| #define HAVE__BOOL 1
| #define HAVE_STDBOOL_H 1
| #define HAVE_MALLOC_H 1
| #define HAVE_FLOAT_H 1
| #define HAVE_LIMITS_H 1
| #define HAVE_STDLIB_H 1
| #define HAVE_STRING_H 1
| #define HAVE_STRINGS_H 1
| #define HAVE_UNISTD_H 1
| #define HAVE_MATH_H 1
| #define HAVE_STDARG_H 1
| #define HAVE_MALLOC 1
| #define HAVE_REALLOC 1
| #define HAVE_FLOOR 1
| #define HAVE_STRDUP 1
| #define HAVE_STRSTR 1
| #define HAVE_STRCHR 1
| #define HAVE_STRRCHR 1
| #define HAVE_STRSTR 1
| #define HAVE_STRTOL 1
| #define HAVE_STRTOUL 1
| #define HAVE_POW 1
| #define HAVE_RINT 1
| #define HAVE_SQRT 1
| #define HAVE_ERAND48 1
| #define HAVE_MEMSET 1
| #define HAVE_MEMMOVE 1
| #define HAVE_ERAND48 1
| #define HAVE_ASPRINTF 1
| #define HAVE_VASPRINTF 1
| /* end confdefs.h.  */
| 
| int
| main (void)
| {
| 
| #if !(defined(__HP_cc) || defined(__HP_aCC))
|       thisisanerror;
| #endif
| 
|   ;
|   return 0;
| }
configure:16118:  -c  conftest.f >&5
./configure: line 2059: -c: command not found
configure:16118: $? = 127
configure: failed program was:
| /* confdefs.h */
| #define PACKAGE_NAME "ViennaRNA"
| #define PACKAGE_TARNAME "ViennaRNA"
| #define PACKAGE_VERSION "2.6.4"
| #define PACKAGE_STRING "ViennaRNA 2.6.4"
| #define PACKAGE_BUGREPORT "rna@tbi.univie.ac.at"
| #define PACKAGE_URL "https://www.tbi.univie.ac.at/RNA"
| #define HAVE_STDIO_H 1
| #define HAVE_STDLIB_H 1
| #define HAVE_STRING_H 1
| #define HAVE_INTTYPES_H 1
| #define HAVE_STDINT_H 1
| #define HAVE_STRINGS_H 1
| #define HAVE_SYS_STAT_H 1
| #define HAVE_SYS_TYPES_H 1
| #define HAVE_UNISTD_H 1
| #define HAVE_WCHAR_H 1
| #define STDC_HEADERS 1
| #define _ALL_SOURCE 1
| #define _DARWIN_C_SOURCE 1
| #define _GNU_SOURCE 1
| #define _HPUX_ALT_XOPEN_SOCKET_API 1
| #define _NETBSD_SOURCE 1
| #define _OPENBSD_SOURCE 1
| #define _POSIX_PTHREAD_SEMANTICS 1
| #define __STDC_WANT_IEC_60559_ATTRIBS_EXT__ 1
| #define __STDC_WANT_IEC_60559_BFP_EXT__ 1
| #define __STDC_WANT_IEC_60559_DFP_EXT__ 1
| #define __STDC_WANT_IEC_60559_FUNCS_EXT__ 1
| #define __STDC_WANT_IEC_60559_TYPES_EXT__ 1
| #define __STDC_WANT_LIB_EXT2__ 1
| #define __STDC_WANT_MATH_SPEC_FUNCS__ 1
| #define _TANDEM_SOURCE 1
| #define __EXTENSIONS__ 1
| #define PACKAGE "ViennaRNA"
| #define VERSION "2.6.4"
| #define UNUSED __attribute__ ((unused))
| #define HAVE_DLFCN_H 1
| #define LT_OBJDIR ".libs/"
| #define HAVE_LIBM 1
| #define HAVE__BOOL 1
| #define HAVE_STDBOOL_H 1
| #define HAVE_MALLOC_H 1
| #define HAVE_FLOAT_H 1
| #define HAVE_LIMITS_H 1
| #define HAVE_STDLIB_H 1
| #define HAVE_STRING_H 1
| #define HAVE_STRINGS_H 1
| #define HAVE_UNISTD_H 1
| #define HAVE_MATH_H 1
| #define HAVE_STDARG_H 1
| #define HAVE_MALLOC 1
| #define HAVE_REALLOC 1
| #define HAVE_FLOOR 1
| #define HAVE_STRDUP 1
| #define HAVE_STRSTR 1
| #define HAVE_STRCHR 1
| #define HAVE_STRRCHR 1
| #define HAVE_STRSTR 1
| #define HAVE_STRTOL 1
| #define HAVE_STRTOUL 1
| #define HAVE_POW 1
| #define HAVE_RINT 1
| #define HAVE_SQRT 1
| #define HAVE_ERAND48 1
| #define HAVE_MEMSET 1
| #define HAVE_MEMMOVE 1
| #define HAVE_ERAND48 1
| #define HAVE_ASPRINTF 1
| #define HAVE_VASPRINTF 1
| /* end confdefs.h.  */
| 
| int
| main (void)
| {
| 
| #if !(defined(__DECC) || defined(__DECCXX) || defined(__DECC_VER) || defined(__DECCXX_VER))
|       thisisanerror;
| #endif
| 
|   ;
|   return 0;
| }
configure:16118:  -c  conftest.f >&5
./configure: line 2059: -c: command not found
configure:16118: $? = 127
configure: failed program was:
| /* confdefs.h */
| #define PACKAGE_NAME "ViennaRNA"
| #define PACKAGE_TARNAME "ViennaRNA"
| #define PACKAGE_VERSION "2.6.4"
| #define PACKAGE_STRING "ViennaRNA 2.6.4"
| #define PACKAGE_BUGREPORT "rna@tbi.univie.ac.at"
| #define PACKAGE_URL "https://www.tbi.univie.ac.at/RNA"
| #define HAVE_STDIO_H 1
| #define HAVE_STDLIB_H 1
| #define HAVE_STRING_H 1
| #define HAVE_INTTYPES_H 1
| #define HAVE_STDINT_H 1
| #define HAVE_STRINGS_H 1
| #define HAVE_SYS_STAT_H 1
| #define HAVE_SYS_TYPES_H 1
| #define HAVE_UNISTD_H 1
| #define HAVE_WCHAR_H 1
| #define STDC_HEADERS 1
| #define _ALL_SOURCE 1
| #define _DARWIN_C_SOURCE 1
| #define _GNU_SOURCE 1
| #define _HPUX_ALT_XOPEN_SOCKET_API 1
| #define _NETBSD_SOURCE 1
| #define _OPENBSD_SOURCE 1
| #define _POSIX_PTHREAD_SEMANTICS 1
| #define __STDC_WANT_IEC_60559_ATTRIBS_EXT__ 1
| #define __STDC_WANT_IEC_60559_BFP_EXT__ 1
| #define __STDC_WANT_IEC_60559_DFP_EXT__ 1
| #define __STDC_WANT_IEC_60559_FUNCS_EXT__ 1
| #define __STDC_WANT_IEC_60559_TYPES_EXT__ 1
| #define __STDC_WANT_LIB_EXT2__ 1
| #define __STDC_WANT_MATH_SPEC_FUNCS__ 1
| #define _TANDEM_SOURCE 1
| #define __EXTENSIONS__ 1
| #define PACKAGE "ViennaRNA"
| #define VERSION "2.6.4"
| #define UNUSED __attribute__ ((unused))
| #define HAVE_DLFCN_H 1
| #define LT_OBJDIR ".libs/"
| #define HAVE_LIBM 1
| #define HAVE__BOOL 1
| #define HAVE_STDBOOL_H 1
| #define HAVE_MALLOC_H 1
| #define HAVE_FLOAT_H 1
| #define HAVE_LIMITS_H 1
| #define HAVE_STDLIB_H 1
| #define HAVE_STRING_H 1
| #define HAVE_STRINGS_H 1
| #define HAVE_UNISTD_H 1
| #define HAVE_MATH_H 1
| #define HAVE_STDARG_H 1
| #define HAVE_MALLOC 1
| #define HAVE_REALLOC 1
| #define HAVE_FLOOR 1
| #define HAVE_STRDUP 1
| #define HAVE_STRSTR 1
| #define HAVE_STRCHR 1
| #define HAVE_STRRCHR 1
| #define HAVE_STRSTR 1
| #define HAVE_STRTOL 1
| #define HAVE_STRTOUL 1
| #define HAVE_POW 1
| #define HAVE_RINT 1
| #define HAVE_SQRT 1
| #define HAVE_ERAND48 1
| #define HAVE_MEMSET 1
| #define HAVE_MEMMOVE 1
| #define HAVE_ERAND48 1
| #define HAVE_ASPRINTF 1
| #define HAVE_VASPRINTF 1
| /* end confdefs.h.  */
| 
| int
| main (void)
| {
| 
| #if !(defined(__BORLANDC__) || defined(__CODEGEARC__) || defined(__TURBOC__))
|       thisisanerror;
| #endif
| 
|   ;
|   return 0;
| }
configure:16118:  -c  conftest.f >&5
./configure: line 2059: -c: command not found
configure:16118: $? = 127
configure: failed program was:
| /* confdefs.h */
| #define PACKAGE_NAME "ViennaRNA"
| #define PACKAGE_TARNAME "ViennaRNA"
| #define PACKAGE_VERSION "2.6.4"
| #define PACKAGE_STRING "ViennaRNA 2.6.4"
| #define PACKAGE_BUGREPORT "rna@tbi.univie.ac.at"
| #define PACKAGE_URL "https://www.tbi.univie.ac.at/RNA"
| #define HAVE_STDIO_H 1
| #define HAVE_STDLIB_H 1
| #define HAVE_STRING_H 1
| #define HAVE_INTTYPES_H 1
| #define HAVE_STDINT_H 1
| #define HAVE_STRINGS_H 1
| #define HAVE_SYS_STAT_H 1
| #define HAVE_SYS_TYPES_H 1
| #define HAVE_UNISTD_H 1
| #define HAVE_WCHAR_H 1
| #define STDC_HEADERS 1
| #define _ALL_SOURCE 1
| #define _DARWIN_C_SOURCE 1
| #define _GNU_SOURCE 1
| #define _HPUX_ALT_XOPEN_SOCKET_API 1
| #define _NETBSD_SOURCE 1
| #define _OPENBSD_SOURCE 1
| #define _POSIX_PTHREAD_SEMANTICS 1
| #define __STDC_WANT_IEC_60559_ATTRIBS_EXT__ 1
| #define __STDC_WANT_IEC_60559_BFP_EXT__ 1
| #define __STDC_WANT_IEC_60559_DFP_EXT__ 1
| #define __STDC_WANT_IEC_60559_FUNCS_EXT__ 1
| #define __STDC_WANT_IEC_60559_TYPES_EXT__ 1
| #define __STDC_WANT_LIB_EXT2__ 1
| #define __STDC_WANT_MATH_SPEC_FUNCS__ 1
| #define _TANDEM_SOURCE 1
| #define __EXTENSIONS__ 1
| #define PACKAGE "ViennaRNA"
| #define VERSION "2.6.4"
| #define UNUSED __attribute__ ((unused))
| #define HAVE_DLFCN_H 1
| #define LT_OBJDIR ".libs/"
| #define HAVE_LIBM 1
| #define HAVE__BOOL 1
| #define HAVE_STDBOOL_H 1
| #define HAVE_MALLOC_H 1
| #define HAVE_FLOAT_H 1
| #define HAVE_LIMITS_H 1
| #define HAVE_STDLIB_H 1
| #define HAVE_STRING_H 1
| #define HAVE_STRINGS_H 1
| #define HAVE_UNISTD_H 1
| #define HAVE_MATH_H 1
| #define HAVE_STDARG_H 1
| #define HAVE_MALLOC 1
| #define HAVE_REALLOC 1
| #define HAVE_FLOOR 1
| #define HAVE_STRDUP 1
| #define HAVE_STRSTR 1
| #define HAVE_STRCHR 1
| #define HAVE_STRRCHR 1
| #define HAVE_STRSTR 1
| #define HAVE_STRTOL 1
| #define HAVE_STRTOUL 1
| #define HAVE_POW 1
| #define HAVE_RINT 1
| #define HAVE_SQRT 1
| #define HAVE_ERAND48 1
| #define HAVE_MEMSET 1
| #define HAVE_MEMMOVE 1
| #define HAVE_ERAND48 1
| #define HAVE_ASPRINTF 1
| #define HAVE_VASPRINTF 1
| /* end confdefs.h.  */
| 
| int
| main (void)
| {
| 
| #if !(defined(__COMO__))
|       thisisanerror;
| #endif
| 
|   ;
|   return 0;
| }
configure:16118:  -c  conftest.f >&5
./configure: line 2059: -c: command not found
configure:16118: $? = 127
configure: failed program was:
| /* confdefs.h */
| #define PACKAGE_NAME "ViennaRNA"
| #define PACKAGE_TARNAME "ViennaRNA"
| #define PACKAGE_VERSION "2.6.4"
| #define PACKAGE_STRING "ViennaRNA 2.6.4"
| #define PACKAGE_BUGREPORT "rna@tbi.univie.ac.at"
| #define PACKAGE_URL "https://www.tbi.univie.ac.at/RNA"
| #define HAVE_STDIO_H 1
| #define HAVE_STDLIB_H 1
| #define HAVE_STRING_H 1
| #define HAVE_INTTYPES_H 1
| #define HAVE_STDINT_H 1
| #define HAVE_STRINGS_H 1
| #define HAVE_SYS_STAT_H 1
| #define HAVE_SYS_TYPES_H 1
| #define HAVE_UNISTD_H 1
| #define HAVE_WCHAR_H 1
| #define STDC_HEADERS 1
| #define _ALL_SOURCE 1
| #define _DARWIN_C_SOURCE 1
| #define _GNU_SOURCE 1
| #define _HPUX_ALT_XOPEN_SOCKET_API 1
| #define _NETBSD_SOURCE 1
| #define _OPENBSD_SOURCE 1
| #define _POSIX_PTHREAD_SEMANTICS 1
| #define __STDC_WANT_IEC_60559_ATTRIBS_EXT__ 1
| #define __STDC_WANT_IEC_60559_BFP_EXT__ 1
| #define __STDC_WANT_IEC_60559_DFP_EXT__ 1
| #define __STDC_WANT_IEC_60559_FUNCS_EXT__ 1
| #define __STDC_WANT_IEC_60559_TYPES_EXT__ 1
| #define __STDC_WANT_LIB_EXT2__ 1
| #define __STDC_WANT_MATH_SPEC_FUNCS__ 1
| #define _TANDEM_SOURCE 1
| #define __EXTENSIONS__ 1
| #define PACKAGE "ViennaRNA"
| #define VERSION "2.6.4"
| #define UNUSED __attribute__ ((unused))
| #define HAVE_DLFCN_H 1
| #define LT_OBJDIR ".libs/"
| #define HAVE_LIBM 1
| #define HAVE__BOOL 1
| #define HAVE_STDBOOL_H 1
| #define HAVE_MALLOC_H 1
| #define HAVE_FLOAT_H 1
| #define HAVE_LIMITS_H 1
| #define HAVE_STDLIB_H 1
| #define HAVE_STRING_H 1
| #define HAVE_STRINGS_H 1
| #define HAVE_UNISTD_H 1
| #define HAVE_MATH_H 1
| #define HAVE_STDARG_H 1
| #define HAVE_MALLOC 1
| #define HAVE_REALLOC 1
| #define HAVE_FLOOR 1
| #define HAVE_STRDUP 1
| #define HAVE_STRSTR 1
| #define HAVE_STRCHR 1
| #define HAVE_STRRCHR 1
| #define HAVE_STRSTR 1
| #define HAVE_STRTOL 1
| #define HAVE_STRTOUL 1
| #define HAVE_POW 1
| #define HAVE_RINT 1
| #define HAVE_SQRT 1
| #define HAVE_ERAND48 1
| #define HAVE_MEMSET 1
| #define HAVE_MEMMOVE 1
| #define HAVE_ERAND48 1
| #define HAVE_ASPRINTF 1
| #define HAVE_VASPRINTF 1
| /* end confdefs.h.  */
| 
| int
| main (void)
| {
| 
| #if !(defined(__KCC))
|       thisisanerror;
| #endif
| 
|   ;
|   return 0;
| }
configure:16118:  -c  conftest.f >&5
./configure: line 2059: -c: command not found
configure:16118: $? = 127
configure: failed program was:
| /* confdefs.h */
| #define PACKAGE_NAME "ViennaRNA"
| #define PACKAGE_TARNAME "ViennaRNA"
| #define PACKAGE_VERSION "2.6.4"
| #define PACKAGE_STRING "ViennaRNA 2.6.4"
| #define PACKAGE_BUGREPORT "rna@tbi.univie.ac.at"
| #define PACKAGE_URL "https://www.tbi.univie.ac.at/RNA"
| #define HAVE_STDIO_H 1
| #define HAVE_STDLIB_H 1
| #define HAVE_STRING_H 1
| #define HAVE_INTTYPES_H 1
| #define HAVE_STDINT_H 1
| #define HAVE_STRINGS_H 1
| #define HAVE_SYS_STAT_H 1
| #define HAVE_SYS_TYPES_H 1
| #define HAVE_UNISTD_H 1
| #define HAVE_WCHAR_H 1
| #define STDC_HEADERS 1
| #define _ALL_SOURCE 1
| #define _DARWIN_C_SOURCE 1
| #define _GNU_SOURCE 1
| #define _HPUX_ALT_XOPEN_SOCKET_API 1
| #define _NETBSD_SOURCE 1
| #define _OPENBSD_SOURCE 1
| #define _POSIX_PTHREAD_SEMANTICS 1
| #define __STDC_WANT_IEC_60559_ATTRIBS_EXT__ 1
| #define __STDC_WANT_IEC_60559_BFP_EXT__ 1
| #define __STDC_WANT_IEC_60559_DFP_EXT__ 1
| #define __STDC_WANT_IEC_60559_FUNCS_EXT__ 1
| #define __STDC_WANT_IEC_60559_TYPES_EXT__ 1
| #define __STDC_WANT_LIB_EXT2__ 1
| #define __STDC_WANT_MATH_SPEC_FUNCS__ 1
| #define _TANDEM_SOURCE 1
| #define __EXTENSIONS__ 1
| #define PACKAGE "ViennaRNA"
| #define VERSION "2.6.4"
| #define UNUSED __attribute__ ((unused))
| #define HAVE_DLFCN_H 1
| #define LT_OBJDIR ".libs/"
| #define HAVE_LIBM 1
| #define HAVE__BOOL 1
| #define HAVE_STDBOOL_H 1
| #define HAVE_MALLOC_H 1
| #define HAVE_FLOAT_H 1
| #define HAVE_LIMITS_H 1
| #define HAVE_STDLIB_H 1
| #define HAVE_STRING_H 1
| #define HAVE_STRINGS_H 1
| #define HAVE_UNISTD_H 1
| #define HAVE_MATH_H 1
| #define HAVE_STDARG_H 1
| #define HAVE_MALLOC 1
| #define HAVE_REALLOC 1
| #define HAVE_FLOOR 1
| #define HAVE_STRDUP 1
| #define HAVE_STRSTR 1
| #define HAVE_STRCHR 1
| #define HAVE_STRRCHR 1
| #define HAVE_STRSTR 1
| #define HAVE_STRTOL 1
| #define HAVE_STRTOUL 1
| #define HAVE_POW 1
| #define HAVE_RINT 1
| #define HAVE_SQRT 1
| #define HAVE_ERAND48 1
| #define HAVE_MEMSET 1
| #define HAVE_MEMMOVE 1
| #define HAVE_ERAND48 1
| #define HAVE_ASPRINTF 1
| #define HAVE_VASPRINTF 1
| /* end confdefs.h.  */
| 
| int
| main (void)
| {
| 
| #if !(defined(__LCC__))
|       thisisanerror;
| #endif
| 
|   ;
|   return 0;
| }
configure:16118:  -c  conftest.f >&5
./configure: line 2059: -c: command not found
configure:16118: $? = 127
configure: failed program was:
| /* confdefs.h */
| #define PACKAGE_NAME "ViennaRNA"
| #define PACKAGE_TARNAME "ViennaRNA"
| #define PACKAGE_VERSION "2.6.4"
| #define PACKAGE_STRING "ViennaRNA 2.6.4"
| #define PACKAGE_BUGREPORT "rna@tbi.univie.ac.at"
| #define PACKAGE_URL "https://www.tbi.univie.ac.at/RNA"
| #define HAVE_STDIO_H 1
| #define HAVE_STDLIB_H 1
| #define HAVE_STRING_H 1
| #define HAVE_INTTYPES_H 1
| #define HAVE_STDINT_H 1
| #define HAVE_STRINGS_H 1
| #define HAVE_SYS_STAT_H 1
| #define HAVE_SYS_TYPES_H 1
| #define HAVE_UNISTD_H 1
| #define HAVE_WCHAR_H 1
| #define STDC_HEADERS 1
| #define _ALL_SOURCE 1
| #define _DARWIN_C_SOURCE 1
| #define _GNU_SOURCE 1
| #define _HPUX_ALT_XOPEN_SOCKET_API 1
| #define _NETBSD_SOURCE 1
| #define _OPENBSD_SOURCE 1
| #define _POSIX_PTHREAD_SEMANTICS 1
| #define __STDC_WANT_IEC_60559_ATTRIBS_EXT__ 1
| #define __STDC_WANT_IEC_60559_BFP_EXT__ 1
| #define __STDC_WANT_IEC_60559_DFP_EXT__ 1
| #define __STDC_WANT_IEC_60559_FUNCS_EXT__ 1
| #define __STDC_WANT_IEC_60559_TYPES_EXT__ 1
| #define __STDC_WANT_LIB_EXT2__ 1
| #define __STDC_WANT_MATH_SPEC_FUNCS__ 1
| #define _TANDEM_SOURCE 1
| #define __EXTENSIONS__ 1
| #define PACKAGE "ViennaRNA"
| #define VERSION "2.6.4"
| #define UNUSED __attribute__ ((unused))
| #define HAVE_DLFCN_H 1
| #define LT_OBJDIR ".libs/"
| #define HAVE_LIBM 1
| #define HAVE__BOOL 1
| #define HAVE_STDBOOL_H 1
| #define HAVE_MALLOC_H 1
| #define HAVE_FLOAT_H 1
| #define HAVE_LIMITS_H 1
| #define HAVE_STDLIB_H 1
| #define HAVE_STRING_H 1
| #define HAVE_STRINGS_H 1
| #define HAVE_UNISTD_H 1
| #define HAVE_MATH_H 1
| #define HAVE_STDARG_H 1
| #define HAVE_MALLOC 1
| #define HAVE_REALLOC 1
| #define HAVE_FLOOR 1
| #define HAVE_STRDUP 1
| #define HAVE_STRSTR 1
| #define HAVE_STRCHR 1
| #define HAVE_STRRCHR 1
| #define HAVE_STRSTR 1
| #define HAVE_STRTOL 1
| #define HAVE_STRTOUL 1
| #define HAVE_POW 1
| #define HAVE_RINT 1
| #define HAVE_SQRT 1
| #define HAVE_ERAND48 1
| #define HAVE_MEMSET 1
| #define HAVE_MEMMOVE 1
| #define HAVE_ERAND48 1
| #define HAVE_ASPRINTF 1
| #define HAVE_VASPRINTF 1
| /* end confdefs.h.  */
| 
| int
| main (void)
| {
| 
| #if !(defined(__sgi) || defined(sgi))
|       thisisanerror;
| #endif
| 
|   ;
|   return 0;
| }
configure:16118:  -c  conftest.f >&5
./configure: line 2059: -c: command not found
configure:16118: $? = 127
configure: failed program was:
| /* confdefs.h */
| #define PACKAGE_NAME "ViennaRNA"
| #define PACKAGE_TARNAME "ViennaRNA"
| #define PACKAGE_VERSION "2.6.4"
| #define PACKAGE_STRING "ViennaRNA 2.6.4"
| #define PACKAGE_BUGREPORT "rna@tbi.univie.ac.at"
| #define PACKAGE_URL "https://www.tbi.univie.ac.at/RNA"
| #define HAVE_STDIO_H 1
| #define HAVE_STDLIB_H 1
| #define HAVE_STRING_H 1
| #define HAVE_INTTYPES_H 1
| #define HAVE_STDINT_H 1
| #define HAVE_STRINGS_H 1
| #define HAVE_SYS_STAT_H 1
| #define HAVE_SYS_TYPES_H 1
| #define HAVE_UNISTD_H 1
| #define HAVE_WCHAR_H 1
| #define STDC_HEADERS 1
| #define _ALL_SOURCE 1
| #define _DARWIN_C_SOURCE 1
| #define _GNU_SOURCE 1
| #define _HPUX_ALT_XOPEN_SOCKET_API 1
| #define _NETBSD_SOURCE 1
| #define _OPENBSD_SOURCE 1
| #define _POSIX_PTHREAD_SEMANTICS 1
| #define __STDC_WANT_IEC_60559_ATTRIBS_EXT__ 1
| #define __STDC_WANT_IEC_60559_BFP_EXT__ 1
| #define __STDC_WANT_IEC_60559_DFP_EXT__ 1
| #define __STDC_WANT_IEC_60559_FUNCS_EXT__ 1
| #define __STDC_WANT_IEC_60559_TYPES_EXT__ 1
| #define __STDC_WANT_LIB_EXT2__ 1
| #define __STDC_WANT_MATH_SPEC_FUNCS__ 1
| #define _TANDEM_SOURCE 1
| #define __EXTENSIONS__ 1
| #define PACKAGE "ViennaRNA"
| #define VERSION "2.6.4"
| #define UNUSED __attribute__ ((unused))
| #define HAVE_DLFCN_H 1
| #define LT_OBJDIR ".libs/"
| #define HAVE_LIBM 1
| #define HAVE__BOOL 1
| #define HAVE_STDBOOL_H 1
| #define HAVE_MALLOC_H 1
| #define HAVE_FLOAT_H 1
| #define HAVE_LIMITS_H 1
| #define HAVE_STDLIB_H 1
| #define HAVE_STRING_H 1
| #define HAVE_STRINGS_H 1
| #define HAVE_UNISTD_H 1
| #define HAVE_MATH_H 1
| #define HAVE_STDARG_H 1
| #define HAVE_MALLOC 1
| #define HAVE_REALLOC 1
| #define HAVE_FLOOR 1
| #define HAVE_STRDUP 1
| #define HAVE_STRSTR 1
| #define HAVE_STRCHR 1
| #define HAVE_STRRCHR 1
| #define HAVE_STRSTR 1
| #define HAVE_STRTOL 1
| #define HAVE_STRTOUL 1
| #define HAVE_POW 1
| #define HAVE_RINT 1
| #define HAVE_SQRT 1
| #define HAVE_ERAND48 1
| #define HAVE_MEMSET 1
| #define HAVE_MEMMOVE 1
| #define HAVE_ERAND48 1
| #define HAVE_ASPRINTF 1
| #define HAVE_VASPRINTF 1
| /* end confdefs.h.  */
| 
| int
| main (void)
| {
| 
| #if !(defined(_MSC_VER))
|       thisisanerror;
| #endif
| 
|   ;
|   return 0;
| }
configure:16118:  -c  conftest.f >&5
./configure: line 2059: -c: command not found
configure:16118: $? = 127
configure: failed program was:
| /* confdefs.h */
| #define PACKAGE_NAME "ViennaRNA"
| #define PACKAGE_TARNAME "ViennaRNA"
| #define PACKAGE_VERSION "2.6.4"
| #define PACKAGE_STRING "ViennaRNA 2.6.4"
| #define PACKAGE_BUGREPORT "rna@tbi.univie.ac.at"
| #define PACKAGE_URL "https://www.tbi.univie.ac.at/RNA"
| #define HAVE_STDIO_H 1
| #define HAVE_STDLIB_H 1
| #define HAVE_STRING_H 1
| #define HAVE_INTTYPES_H 1
| #define HAVE_STDINT_H 1
| #define HAVE_STRINGS_H 1
| #define HAVE_SYS_STAT_H 1
| #define HAVE_SYS_TYPES_H 1
| #define HAVE_UNISTD_H 1
| #define HAVE_WCHAR_H 1
| #define STDC_HEADERS 1
| #define _ALL_SOURCE 1
| #define _DARWIN_C_SOURCE 1
| #define _GNU_SOURCE 1
| #define _HPUX_ALT_XOPEN_SOCKET_API 1
| #define _NETBSD_SOURCE 1
| #define _OPENBSD_SOURCE 1
| #define _POSIX_PTHREAD_SEMANTICS 1
| #define __STDC_WANT_IEC_60559_ATTRIBS_EXT__ 1
| #define __STDC_WANT_IEC_60559_BFP_EXT__ 1
| #define __STDC_WANT_IEC_60559_DFP_EXT__ 1
| #define __STDC_WANT_IEC_60559_FUNCS_EXT__ 1
| #define __STDC_WANT_IEC_60559_TYPES_EXT__ 1
| #define __STDC_WANT_LIB_EXT2__ 1
| #define __STDC_WANT_MATH_SPEC_FUNCS__ 1
| #define _TANDEM_SOURCE 1
| #define __EXTENSIONS__ 1
| #define PACKAGE "ViennaRNA"
| #define VERSION "2.6.4"
| #define UNUSED __attribute__ ((unused))
| #define HAVE_DLFCN_H 1
| #define LT_OBJDIR ".libs/"
| #define HAVE_LIBM 1
| #define HAVE__BOOL 1
| #define HAVE_STDBOOL_H 1
| #define HAVE_MALLOC_H 1
| #define HAVE_FLOAT_H 1
| #define HAVE_LIMITS_H 1
| #define HAVE_STDLIB_H 1
| #define HAVE_STRING_H 1
| #define HAVE_STRINGS_H 1
| #define HAVE_UNISTD_H 1
| #define HAVE_MATH_H 1
| #define HAVE_STDARG_H 1
| #define HAVE_MALLOC 1
| #define HAVE_REALLOC 1
| #define HAVE_FLOOR 1
| #define HAVE_STRDUP 1
| #define HAVE_STRSTR 1
| #define HAVE_STRCHR 1
| #define HAVE_STRRCHR 1
| #define HAVE_STRSTR 1
| #define HAVE_STRTOL 1
| #define HAVE_STRTOUL 1
| #define HAVE_POW 1
| #define HAVE_RINT 1
| #define HAVE_SQRT 1
| #define HAVE_ERAND48 1
| #define HAVE_MEMSET 1
| #define HAVE_MEMMOVE 1
| #define HAVE_ERAND48 1
| #define HAVE_ASPRINTF 1
| #define HAVE_VASPRINTF 1
| /* end confdefs.h.  */
| 
| int
| main (void)
| {
| 
| #if !(defined(__MWERKS__))
|       thisisanerror;
| #endif
| 
|   ;
|   return 0;
| }
configure:16118:  -c  conftest.f >&5
./configure: line 2059: -c: command not found
configure:16118: $? = 127
configure: failed program was:
| /* confdefs.h */
| #define PACKAGE_NAME "ViennaRNA"
| #define PACKAGE_TARNAME "ViennaRNA"
| #define PACKAGE_VERSION "2.6.4"
| #define PACKAGE_STRING "ViennaRNA 2.6.4"
| #define PACKAGE_BUGREPORT "rna@tbi.univie.ac.at"
| #define PACKAGE_URL "https://www.tbi.univie.ac.at/RNA"
| #define HAVE_STDIO_H 1
| #define HAVE_STDLIB_H 1
| #define HAVE_STRING_H 1
| #define HAVE_INTTYPES_H 1
| #define HAVE_STDINT_H 1
| #define HAVE_STRINGS_H 1
| #define HAVE_SYS_STAT_H 1
| #define HAVE_SYS_TYPES_H 1
| #define HAVE_UNISTD_H 1
| #define HAVE_WCHAR_H 1
| #define STDC_HEADERS 1
| #define _ALL_SOURCE 1
| #define _DARWIN_C_SOURCE 1
| #define _GNU_SOURCE 1
| #define _HPUX_ALT_XOPEN_SOCKET_API 1
| #define _NETBSD_SOURCE 1
| #define _OPENBSD_SOURCE 1
| #define _POSIX_PTHREAD_SEMANTICS 1
| #define __STDC_WANT_IEC_60559_ATTRIBS_EXT__ 1
| #define __STDC_WANT_IEC_60559_BFP_EXT__ 1
| #define __STDC_WANT_IEC_60559_DFP_EXT__ 1
| #define __STDC_WANT_IEC_60559_FUNCS_EXT__ 1
| #define __STDC_WANT_IEC_60559_TYPES_EXT__ 1
| #define __STDC_WANT_LIB_EXT2__ 1
| #define __STDC_WANT_MATH_SPEC_FUNCS__ 1
| #define _TANDEM_SOURCE 1
| #define __EXTENSIONS__ 1
| #define PACKAGE "ViennaRNA"
| #define VERSION "2.6.4"
| #define UNUSED __attribute__ ((unused))
| #define HAVE_DLFCN_H 1
| #define LT_OBJDIR ".libs/"
| #define HAVE_LIBM 1
| #define HAVE__BOOL 1
| #define HAVE_STDBOOL_H 1
| #define HAVE_MALLOC_H 1
| #define HAVE_FLOAT_H 1
| #define HAVE_LIMITS_H 1
| #define HAVE_STDLIB_H 1
| #define HAVE_STRING_H 1
| #define HAVE_STRINGS_H 1
| #define HAVE_UNISTD_H 1
| #define HAVE_MATH_H 1
| #define HAVE_STDARG_H 1
| #define HAVE_MALLOC 1
| #define HAVE_REALLOC 1
| #define HAVE_FLOOR 1
| #define HAVE_STRDUP 1
| #define HAVE_STRSTR 1
| #define HAVE_STRCHR 1
| #define HAVE_STRRCHR 1
| #define HAVE_STRSTR 1
| #define HAVE_STRTOL 1
| #define HAVE_STRTOUL 1
| #define HAVE_POW 1
| #define HAVE_RINT 1
| #define HAVE_SQRT 1
| #define HAVE_ERAND48 1
| #define HAVE_MEMSET 1
| #define HAVE_MEMMOVE 1
| #define HAVE_ERAND48 1
| #define HAVE_ASPRINTF 1
| #define HAVE_VASPRINTF 1
| /* end confdefs.h.  */
| 
| int
| main (void)
| {
| 
| #if !(defined(__WATCOMC__))
|       thisisanerror;
| #endif
| 
|   ;
|   return 0;
| }
configure:16118:  -c  conftest.f >&5
./configure: line 2059: -c: command not found
configure:16118: $? = 127
configure: failed program was:
| /* confdefs.h */
| #define PACKAGE_NAME "ViennaRNA"
| #define PACKAGE_TARNAME "ViennaRNA"
| #define PACKAGE_VERSION "2.6.4"
| #define PACKAGE_STRING "ViennaRNA 2.6.4"
| #define PACKAGE_BUGREPORT "rna@tbi.univie.ac.at"
| #define PACKAGE_URL "https://www.tbi.univie.ac.at/RNA"
| #define HAVE_STDIO_H 1
| #define HAVE_STDLIB_H 1
| #define HAVE_STRING_H 1
| #define HAVE_INTTYPES_H 1
| #define HAVE_STDINT_H 1
| #define HAVE_STRINGS_H 1
| #define HAVE_SYS_STAT_H 1
| #define HAVE_SYS_TYPES_H 1
| #define HAVE_UNISTD_H 1
| #define HAVE_WCHAR_H 1
| #define STDC_HEADERS 1
| #define _ALL_SOURCE 1
| #define _DARWIN_C_SOURCE 1
| #define _GNU_SOURCE 1
| #define _HPUX_ALT_XOPEN_SOCKET_API 1
| #define _NETBSD_SOURCE 1
| #define _OPENBSD_SOURCE 1
| #define _POSIX_PTHREAD_SEMANTICS 1
| #define __STDC_WANT_IEC_60559_ATTRIBS_EXT__ 1
| #define __STDC_WANT_IEC_60559_BFP_EXT__ 1
| #define __STDC_WANT_IEC_60559_DFP_EXT__ 1
| #define __STDC_WANT_IEC_60559_FUNCS_EXT__ 1
| #define __STDC_WANT_IEC_60559_TYPES_EXT__ 1
| #define __STDC_WANT_LIB_EXT2__ 1
| #define __STDC_WANT_MATH_SPEC_FUNCS__ 1
| #define _TANDEM_SOURCE 1
| #define __EXTENSIONS__ 1
| #define PACKAGE "ViennaRNA"
| #define VERSION "2.6.4"
| #define UNUSED __attribute__ ((unused))
| #define HAVE_DLFCN_H 1
| #define LT_OBJDIR ".libs/"
| #define HAVE_LIBM 1
| #define HAVE__BOOL 1
| #define HAVE_STDBOOL_H 1
| #define HAVE_MALLOC_H 1
| #define HAVE_FLOAT_H 1
| #define HAVE_LIMITS_H 1
| #define HAVE_STDLIB_H 1
| #define HAVE_STRING_H 1
| #define HAVE_STRINGS_H 1
| #define HAVE_UNISTD_H 1
| #define HAVE_MATH_H 1
| #define HAVE_STDARG_H 1
| #define HAVE_MALLOC 1
| #define HAVE_REALLOC 1
| #define HAVE_FLOOR 1
| #define HAVE_STRDUP 1
| #define HAVE_STRSTR 1
| #define HAVE_STRCHR 1
| #define HAVE_STRRCHR 1
| #define HAVE_STRSTR 1
| #define HAVE_STRTOL 1
| #define HAVE_STRTOUL 1
| #define HAVE_POW 1
| #define HAVE_RINT 1
| #define HAVE_SQRT 1
| #define HAVE_ERAND48 1
| #define HAVE_MEMSET 1
| #define HAVE_MEMMOVE 1
| #define HAVE_ERAND48 1
| #define HAVE_ASPRINTF 1
| #define HAVE_VASPRINTF 1
| /* end confdefs.h.  */
| 
| int
| main (void)
| {
| 
| #if !(defined(__TINYC__))
|       thisisanerror;
| #endif
| 
|   ;
|   return 0;
| }
configure:16118:  -c  conftest.f >&5
./configure: line 2059: -c: command not found
configure:16118: $? = 127
configure: failed program was:
| /* confdefs.h */
| #define PACKAGE_NAME "ViennaRNA"
| #define PACKAGE_TARNAME "ViennaRNA"
| #define PACKAGE_VERSION "2.6.4"
| #define PACKAGE_STRING "ViennaRNA 2.6.4"
| #define PACKAGE_BUGREPORT "rna@tbi.univie.ac.at"
| #define PACKAGE_URL "https://www.tbi.univie.ac.at/RNA"
| #define HAVE_STDIO_H 1
| #define HAVE_STDLIB_H 1
| #define HAVE_STRING_H 1
| #define HAVE_INTTYPES_H 1
| #define HAVE_STDINT_H 1
| #define HAVE_STRINGS_H 1
| #define HAVE_SYS_STAT_H 1
| #define HAVE_SYS_TYPES_H 1
| #define HAVE_UNISTD_H 1
| #define HAVE_WCHAR_H 1
| #define STDC_HEADERS 1
| #define _ALL_SOURCE 1
| #define _DARWIN_C_SOURCE 1
| #define _GNU_SOURCE 1
| #define _HPUX_ALT_XOPEN_SOCKET_API 1
| #define _NETBSD_SOURCE 1
| #define _OPENBSD_SOURCE 1
| #define _POSIX_PTHREAD_SEMANTICS 1
| #define __STDC_WANT_IEC_60559_ATTRIBS_EXT__ 1
| #define __STDC_WANT_IEC_60559_BFP_EXT__ 1
| #define __STDC_WANT_IEC_60559_DFP_EXT__ 1
| #define __STDC_WANT_IEC_60559_FUNCS_EXT__ 1
| #define __STDC_WANT_IEC_60559_TYPES_EXT__ 1
| #define __STDC_WANT_LIB_EXT2__ 1
| #define __STDC_WANT_MATH_SPEC_FUNCS__ 1
| #define _TANDEM_SOURCE 1
| #define __EXTENSIONS__ 1
| #define PACKAGE "ViennaRNA"
| #define VERSION "2.6.4"
| #define UNUSED __attribute__ ((unused))
| #define HAVE_DLFCN_H 1
| #define LT_OBJDIR ".libs/"
| #define HAVE_LIBM 1
| #define HAVE__BOOL 1
| #define HAVE_STDBOOL_H 1
| #define HAVE_MALLOC_H 1
| #define HAVE_FLOAT_H 1
| #define HAVE_LIMITS_H 1
| #define HAVE_STDLIB_H 1
| #define HAVE_STRING_H 1
| #define HAVE_STRINGS_H 1
| #define HAVE_UNISTD_H 1
| #define HAVE_MATH_H 1
| #define HAVE_STDARG_H 1
| #define HAVE_MALLOC 1
| #define HAVE_REALLOC 1
| #define HAVE_FLOOR 1
| #define HAVE_STRDUP 1
| #define HAVE_STRSTR 1
| #define HAVE_STRCHR 1
| #define HAVE_STRRCHR 1
| #define HAVE_STRSTR 1
| #define HAVE_STRTOL 1
| #define HAVE_STRTOUL 1
| #define HAVE_POW 1
| #define HAVE_RINT 1
| #define HAVE_SQRT 1
| #define HAVE_ERAND48 1
| #define HAVE_MEMSET 1
| #define HAVE_MEMMOVE 1
| #define HAVE_ERAND48 1
| #define HAVE_ASPRINTF 1
| #define HAVE_VASPRINTF 1
| /* end confdefs.h.  */
| 
| int
| main (void)
| {
| 
| #if !(defined(UNKNOWN))
|       thisisanerror;
| #endif
| 
|   ;
|   return 0;
| }
configure:16128: result: unknown
configure:16138: checking for perl
configure:16161: found /usr/bin/perl
configure:16173: result: /usr/bin/perl
configure:16202: checking whether C compiler accepts -fno-strict-aliasing
configure:16222: gcc -c -g -O2  -fno-strict-aliasing  conftest.c >&5
configure:16222: $? = 0
configure:16231: result: yes
configure:16261: : RNA_CFLAGS="$RNA_CFLAGS"
configure:16264: $? = 0
configure:16277: checking whether C++ compiler accepts -fno-strict-aliasing
configure:16297: g++ -c -g -O2  -fno-strict-aliasing  conftest.cpp >&5
configure:16297: $? = 0
configure:16306: result: yes
configure:16336: : RNA_CXXFLAGS="$RNA_CXXFLAGS"
configure:16339: $? = 0
configure:16346: checking whether the linker accepts -fno-strict-aliasing
configure:16366: gcc -o conftest -g -O2    -fno-strict-aliasing conftest.c -lm  >&5
configure:16366: $? = 0
configure:16376: result: yes
configure:16406: : RNA_LDFLAGS="$RNA_LDFLAGS"
configure:16409: $? = 0
configure:16473: checking whether the C compiler allows unnamed unions of unnamed structs
configure:16497: gcc -o conftest -g -O2   conftest.c -lm  >&5
configure:16497: $? = 0
configure:16497: ./conftest
configure:16497: $? = 0
configure:16514: result: yes
configure:16520: checking whether the C++ compiler allows unnamed unions of unnamed structs
configure:16545: g++ -o conftest -g -O2   conftest.cpp -lm  >&5
configure:16545: $? = 0
configure:16545: ./conftest
configure:16545: $? = 0
configure:16562: result: yes
configure:17301: checking whether C compiler accepts -flto
configure:17321: gcc -c -g -O2  -flto  conftest.c >&5
configure:17321: $? = 0
configure:17330: result: yes
configure:17352: checking whether C compiler accepts -flto=auto
configure:17372: gcc -c -g -O2  -flto=auto  conftest.c >&5
configure:17372: $? = 0
configure:17381: result: yes
configure:17404: checking whether C++ compiler accepts -flto
configure:17424: g++ -c -g -O2  -flto  conftest.cpp >&5
configure:17424: $? = 0
configure:17433: result: yes
configure:17455: checking whether C++ compiler accepts -flto=auto
configure:17475: g++ -c -g -O2  -flto=auto  conftest.cpp >&5
configure:17475: $? = 0
configure:17484: result: yes
configure:17507: checking whether C compiler accepts -ffat-lto-objects
configure:17527: gcc -c -g -O2  -ffat-lto-objects  conftest.c >&5
configure:17527: $? = 0
configure:17536: result: yes
configure:17559: checking whether C++ compiler accepts -ffat-lto-objects
configure:17579: g++ -c -g -O2  -ffat-lto-objects  conftest.cpp >&5
configure:17579: $? = 0
configure:17588: result: yes
configure:17886: WARNING: Trying to re-set ar/ranlib/nm to compiler specific wrappers
configure:18648: WARNING: Your compiler/linker combination does not support link-time optimization (LTO)
configure:18709: checking for ./src/libsvm-3.31/svm.cpp
configure:18712: result: yes
configure:18709: checking for ./src/libsvm-3.31/svm.h
configure:18712: result: yes
configure:18833: checking for cblas_dgemm in -lgslcblas
configure:18856: gcc -o conftest -g -O2   conftest.c -lgslcblas  -lm  >&5
/usr/bin/ld: cannot find -lgslcblas
collect2: error: ld returned 1 exit status
configure:18856: $? = 1
configure: failed program was:
| /* confdefs.h */
| #define PACKAGE_NAME "ViennaRNA"
| #define PACKAGE_TARNAME "ViennaRNA"
| #define PACKAGE_VERSION "2.6.4"
| #define PACKAGE_STRING "ViennaRNA 2.6.4"
| #define PACKAGE_BUGREPORT "rna@tbi.univie.ac.at"
| #define PACKAGE_URL "https://www.tbi.univie.ac.at/RNA"
| #define HAVE_STDIO_H 1
| #define HAVE_STDLIB_H 1
| #define HAVE_STRING_H 1
| #define HAVE_INTTYPES_H 1
| #define HAVE_STDINT_H 1
| #define HAVE_STRINGS_H 1
| #define HAVE_SYS_STAT_H 1
| #define HAVE_SYS_TYPES_H 1
| #define HAVE_UNISTD_H 1
| #define HAVE_WCHAR_H 1
| #define STDC_HEADERS 1
| #define _ALL_SOURCE 1
| #define _DARWIN_C_SOURCE 1
| #define _GNU_SOURCE 1
| #define _HPUX_ALT_XOPEN_SOCKET_API 1
| #define _NETBSD_SOURCE 1
| #define _OPENBSD_SOURCE 1
| #define _POSIX_PTHREAD_SEMANTICS 1
| #define __STDC_WANT_IEC_60559_ATTRIBS_EXT__ 1
| #define __STDC_WANT_IEC_60559_BFP_EXT__ 1
| #define __STDC_WANT_IEC_60559_DFP_EXT__ 1
| #define __STDC_WANT_IEC_60559_FUNCS_EXT__ 1
| #define __STDC_WANT_IEC_60559_TYPES_EXT__ 1
| #define __STDC_WANT_LIB_EXT2__ 1
| #define __STDC_WANT_MATH_SPEC_FUNCS__ 1
| #define _TANDEM_SOURCE 1
| #define __EXTENSIONS__ 1
| #define PACKAGE "ViennaRNA"
| #define VERSION "2.6.4"
| #define UNUSED __attribute__ ((unused))
| #define HAVE_DLFCN_H 1
| #define LT_OBJDIR ".libs/"
| #define HAVE_LIBM 1
| #define HAVE__BOOL 1
| #define HAVE_STDBOOL_H 1
| #define HAVE_MALLOC_H 1
| #define HAVE_FLOAT_H 1
| #define HAVE_LIMITS_H 1
| #define HAVE_STDLIB_H 1
| #define HAVE_STRING_H 1
| #define HAVE_STRINGS_H 1
| #define HAVE_UNISTD_H 1
| #define HAVE_MATH_H 1
| #define HAVE_STDARG_H 1
| #define HAVE_MALLOC 1
| #define HAVE_REALLOC 1
| #define HAVE_FLOOR 1
| #define HAVE_STRDUP 1
| #define HAVE_STRSTR 1
| #define HAVE_STRCHR 1
| #define HAVE_STRRCHR 1
| #define HAVE_STRSTR 1
| #define HAVE_STRTOL 1
| #define HAVE_STRTOUL 1
| #define HAVE_POW 1
| #define HAVE_RINT 1
| #define HAVE_SQRT 1
| #define HAVE_ERAND48 1
| #define HAVE_MEMSET 1
| #define HAVE_MEMMOVE 1
| #define HAVE_ERAND48 1
| #define HAVE_ASPRINTF 1
| #define HAVE_VASPRINTF 1
| #define VRNA_WITH_SVM 1
| /* end confdefs.h.  */
| 
| /* Override any GCC internal prototype to avoid an error.
|    Use char because int might match the return type of a GCC
|    builtin and then its argument prototype would still apply.  */
| char cblas_dgemm ();
| int
| main (void)
| {
| return cblas_dgemm ();
|   ;
|   return 0;
| }
configure:18866: result: no
configure:18876: checking for gsl_blas_dgemm in -lgsl
configure:18899: gcc -o conftest -g -O2   conftest.c -lgsl  -lm  >&5
/usr/bin/ld: cannot find -lgsl
collect2: error: ld returned 1 exit status
configure:18899: $? = 1
configure: failed program was:
| /* confdefs.h */
| #define PACKAGE_NAME "ViennaRNA"
| #define PACKAGE_TARNAME "ViennaRNA"
| #define PACKAGE_VERSION "2.6.4"
| #define PACKAGE_STRING "ViennaRNA 2.6.4"
| #define PACKAGE_BUGREPORT "rna@tbi.univie.ac.at"
| #define PACKAGE_URL "https://www.tbi.univie.ac.at/RNA"
| #define HAVE_STDIO_H 1
| #define HAVE_STDLIB_H 1
| #define HAVE_STRING_H 1
| #define HAVE_INTTYPES_H 1
| #define HAVE_STDINT_H 1
| #define HAVE_STRINGS_H 1
| #define HAVE_SYS_STAT_H 1
| #define HAVE_SYS_TYPES_H 1
| #define HAVE_UNISTD_H 1
| #define HAVE_WCHAR_H 1
| #define STDC_HEADERS 1
| #define _ALL_SOURCE 1
| #define _DARWIN_C_SOURCE 1
| #define _GNU_SOURCE 1
| #define _HPUX_ALT_XOPEN_SOCKET_API 1
| #define _NETBSD_SOURCE 1
| #define _OPENBSD_SOURCE 1
| #define _POSIX_PTHREAD_SEMANTICS 1
| #define __STDC_WANT_IEC_60559_ATTRIBS_EXT__ 1
| #define __STDC_WANT_IEC_60559_BFP_EXT__ 1
| #define __STDC_WANT_IEC_60559_DFP_EXT__ 1
| #define __STDC_WANT_IEC_60559_FUNCS_EXT__ 1
| #define __STDC_WANT_IEC_60559_TYPES_EXT__ 1
| #define __STDC_WANT_LIB_EXT2__ 1
| #define __STDC_WANT_MATH_SPEC_FUNCS__ 1
| #define _TANDEM_SOURCE 1
| #define __EXTENSIONS__ 1
| #define PACKAGE "ViennaRNA"
| #define VERSION "2.6.4"
| #define UNUSED __attribute__ ((unused))
| #define HAVE_DLFCN_H 1
| #define LT_OBJDIR ".libs/"
| #define HAVE_LIBM 1
| #define HAVE__BOOL 1
| #define HAVE_STDBOOL_H 1
| #define HAVE_MALLOC_H 1
| #define HAVE_FLOAT_H 1
| #define HAVE_LIMITS_H 1
| #define HAVE_STDLIB_H 1
| #define HAVE_STRING_H 1
| #define HAVE_STRINGS_H 1
| #define HAVE_UNISTD_H 1
| #define HAVE_MATH_H 1
| #define HAVE_STDARG_H 1
| #define HAVE_MALLOC 1
| #define HAVE_REALLOC 1
| #define HAVE_FLOOR 1
| #define HAVE_STRDUP 1
| #define HAVE_STRSTR 1
| #define HAVE_STRCHR 1
| #define HAVE_STRRCHR 1
| #define HAVE_STRSTR 1
| #define HAVE_STRTOL 1
| #define HAVE_STRTOUL 1
| #define HAVE_POW 1
| #define HAVE_RINT 1
| #define HAVE_SQRT 1
| #define HAVE_ERAND48 1
| #define HAVE_MEMSET 1
| #define HAVE_MEMMOVE 1
| #define HAVE_ERAND48 1
| #define HAVE_ASPRINTF 1
| #define HAVE_VASPRINTF 1
| #define VRNA_WITH_SVM 1
| /* end confdefs.h.  */
| 
| /* Override any GCC internal prototype to avoid an error.
|    Use char because int might match the return type of a GCC
|    builtin and then its argument prototype would still apply.  */
| char gsl_blas_dgemm ();
| int
| main (void)
| {
| return gsl_blas_dgemm ();
|   ;
|   return 0;
| }
configure:18909: result: no
configure:18921: WARNING: "Can't find libgsl. Falling back to default implementation."
configure:19111: checking for OpenMP flag of C compiler
configure:19157: gcc -o conftest -g -O2 -fopenmp   conftest.c -lm  >&5
configure:19157: $? = 0
configure:19167: result: -fopenmp
configure:19200: checking for OpenMP flag of C++ compiler
configure:19246: g++ -o conftest -g -O2 -fopenmp   conftest.cpp -lm  >&5
configure:19246: $? = 0
configure:19256: result: -fopenmp
configure:19526: checking whether gcc is Clang
configure:19553: result: no
configure:19618: checking whether pthreads work with "-pthread" and "-lpthread"
configure:19729: gcc -o conftest -g -O2 -pthread   conftest.c -lpthread -lm  >&5
configure:19729: $? = 0
configure:19739: result: yes
configure:19862: checking for joinable pthread attribute
configure:19881: gcc -o conftest -g -O2 -pthread   conftest.c -lpthread -lm  >&5
configure:19881: $? = 0
configure:19890: result: PTHREAD_CREATE_JOINABLE
configure:19903: checking whether more special flags are required for pthreads
configure:19917: result: no
configure:19926: checking for PTHREAD_PRIO_INHERIT
configure:19944: gcc -o conftest -g -O2 -pthread   conftest.c -lpthread -lm  >&5
configure:19944: $? = 0
configure:19954: result: yes
configure:20792: checking compiler support for AVX 512 instructions
configure:20828: gcc -c -g -O2 -Werror -mavx512f  conftest.c >&5
configure:20828: $? = 0
configure:20831: result: yes
configure:20855: checking compiler support for SSE 4.1 instructions
configure:20886: gcc -c -g -O2 -Werror -msse4.1  conftest.c >&5
configure:20886: $? = 0
configure:20889: result: yes
configure:21016: checking whether C compiler accepts -ftree-vectorize
configure:21036: gcc -c -g -O2  -ftree-vectorize  conftest.c >&5
configure:21036: $? = 0
configure:21045: result: yes
configure:21064: : RNA_CFLAGS="$RNA_CFLAGS"
configure:21067: $? = 0
configure:21158: checking for mpfr.h
configure:21158: gcc -c -g -O2  conftest.c >&5
conftest.c:107:10: fatal error: mpfr.h: No such file or directory
  107 | #include <mpfr.h>
      |          ^~~~~~~~
compilation terminated.
configure:21158: $? = 1
configure: failed program was:
| /* confdefs.h */
| #define PACKAGE_NAME "ViennaRNA"
| #define PACKAGE_TARNAME "ViennaRNA"
| #define PACKAGE_VERSION "2.6.4"
| #define PACKAGE_STRING "ViennaRNA 2.6.4"
| #define PACKAGE_BUGREPORT "rna@tbi.univie.ac.at"
| #define PACKAGE_URL "https://www.tbi.univie.ac.at/RNA"
| #define HAVE_STDIO_H 1
| #define HAVE_STDLIB_H 1
| #define HAVE_STRING_H 1
| #define HAVE_INTTYPES_H 1
| #define HAVE_STDINT_H 1
| #define HAVE_STRINGS_H 1
| #define HAVE_SYS_STAT_H 1
| #define HAVE_SYS_TYPES_H 1
| #define HAVE_UNISTD_H 1
| #define HAVE_WCHAR_H 1
| #define STDC_HEADERS 1
| #define _ALL_SOURCE 1
| #define _DARWIN_C_SOURCE 1
| #define _GNU_SOURCE 1
| #define _HPUX_ALT_XOPEN_SOCKET_API 1
| #define _NETBSD_SOURCE 1
| #define _OPENBSD_SOURCE 1
| #define _POSIX_PTHREAD_SEMANTICS 1
| #define __STDC_WANT_IEC_60559_ATTRIBS_EXT__ 1
| #define __STDC_WANT_IEC_60559_BFP_EXT__ 1
| #define __STDC_WANT_IEC_60559_DFP_EXT__ 1
| #define __STDC_WANT_IEC_60559_FUNCS_EXT__ 1
| #define __STDC_WANT_IEC_60559_TYPES_EXT__ 1
| #define __STDC_WANT_LIB_EXT2__ 1
| #define __STDC_WANT_MATH_SPEC_FUNCS__ 1
| #define _TANDEM_SOURCE 1
| #define __EXTENSIONS__ 1
| #define PACKAGE "ViennaRNA"
| #define VERSION "2.6.4"
| #define UNUSED __attribute__ ((unused))
| #define HAVE_DLFCN_H 1
| #define LT_OBJDIR ".libs/"
| #define HAVE_LIBM 1
| #define HAVE__BOOL 1
| #define HAVE_STDBOOL_H 1
| #define HAVE_MALLOC_H 1
| #define HAVE_FLOAT_H 1
| #define HAVE_LIMITS_H 1
| #define HAVE_STDLIB_H 1
| #define HAVE_STRING_H 1
| #define HAVE_STRINGS_H 1
| #define HAVE_UNISTD_H 1
| #define HAVE_MATH_H 1
| #define HAVE_STDARG_H 1
| #define HAVE_MALLOC 1
| #define HAVE_REALLOC 1
| #define HAVE_FLOOR 1
| #define HAVE_STRDUP 1
| #define HAVE_STRSTR 1
| #define HAVE_STRCHR 1
| #define HAVE_STRRCHR 1
| #define HAVE_STRSTR 1
| #define HAVE_STRTOL 1
| #define HAVE_STRTOUL 1
| #define HAVE_POW 1
| #define HAVE_RINT 1
| #define HAVE_SQRT 1
| #define HAVE_ERAND48 1
| #define HAVE_MEMSET 1
| #define HAVE_MEMMOVE 1
| #define HAVE_ERAND48 1
| #define HAVE_ASPRINTF 1
| #define HAVE_VASPRINTF 1
| #define VRNA_WITH_SVM 1
| #define HAVE_OPENMP 1
| #define HAVE_OPENMP 1
| #define HAVE_PTHREAD_PRIO_INHERIT 1
| #define VRNA_WITH_PTHREADS 1
| #define VRNA_WITH_SIMD_AVX512 1
| #define VRNA_WITH_SIMD_SSE41 1
| /* end confdefs.h.  */
| #include <stddef.h>
| #ifdef HAVE_STDIO_H
| # include <stdio.h>
| #endif
| #ifdef HAVE_STDLIB_H
| # include <stdlib.h>
| #endif
| #ifdef HAVE_STRING_H
| # include <string.h>
| #endif
| #ifdef HAVE_INTTYPES_H
| # include <inttypes.h>
| #endif
| #ifdef HAVE_STDINT_H
| # include <stdint.h>
| #endif
| #ifdef HAVE_STRINGS_H
| # include <strings.h>
| #endif
| #ifdef HAVE_SYS_TYPES_H
| # include <sys/types.h>
| #endif
| #ifdef HAVE_SYS_STAT_H
| # include <sys/stat.h>
| #endif
| #ifdef HAVE_UNISTD_H
| # include <unistd.h>
| #endif
| #include <mpfr.h>
configure:21158: result: no
configure:21223: WARNING:
==========================
Failed to find mpfr.h!

You probably need to install the mpfr-devel package or similar
==========================
    
configure:21296: checking for ./src/ViennaRNA/plotting/naview/naview.c
configure:21299: result: yes
configure:21296: checking for ./src/ViennaRNA/plotting/naview/naview.h
configure:21299: result: yes
configure:21356: : RNA_CPPFLAGS="$RNA_CPPFLAGS"
configure:21359: $? = 0
configure:21459: checking for ./interfaces/Makefile.am
configure:21462: result: yes
configure:21494: checking for swig
configure:21532: result: no
configure:21494: checking for swig3.0
configure:21532: result: no
configure:21494: checking for swig2.0
configure:21532: result: no
configure:21655: checking for ./interfaces/Perl/Makefile.am
configure:21658: result: yes
configure:21696: checking for ./interfaces/Perl/RNA_wrap.cpp
configure:21699: result: yes
configure:21711: checking for ./interfaces/Perl/RNA.pm
configure:21714: result: yes
configure:21743: checking for /usr/bin/perl
configure:21778: result: /usr/bin/perl
configure:21796: checking for Perl prefix
configure:21801: result: /usr
configure:21809: checking for Perl siteprefix
configure:21814: result: /usr/local
configure:21822: checking for Perl vendorprefix
configure:21827: result: /usr
configure:21835: checking for Perl extension include path
configure:21840: result: /usr/lib/x86_64-linux-gnu/perl/5.30/CORE
configure:21848: checking for Perl extension target directory
configure:21853: result: /usr/local/lib/x86_64-linux-gnu/perl/5.30.0
configure:21862: checking for architecture dependent Perl extension site target directory
configure:21867: result: /usr/local/lib/x86_64-linux-gnu/perl/5.30.0
configure:21875: checking for architecture dependent Perl extension vendor target directory
configure:21880: result: /usr/lib/x86_64-linux-gnu/perl5/5.30
configure:21888: checking for architecture independent Perl extension site target directory
configure:21893: result: /usr/local/share/perl/5.30.0
configure:21901: checking for architecture independent Perl extension vendor target directory
configure:21906: result: /usr/share/perl5
configure:21914: checking for Perl extensions C preprocessor flags
configure:21919: result: -D_REENTRANT -D_GNU_SOURCE -DDEBIAN -fwrapv -fno-strict-aliasing -pipe -I/usr/local/include
configure:21927: checking for Perl extensions linker flags
configure:21940: result: -shared -L/usr/local/lib -fstack-protector-strong
configure:21948: checking for Perl dynamic library extension
configure:21953: result: .so
configure:22341: checking for ./interfaces/Python/Makefile.am
configure:22344: result: yes
configure:22382: checking for ./interfaces/Python/RNA_wrap.cpp
configure:22385: result: yes
configure:22397: checking for ./interfaces/Python/RNA.py
configure:22400: result: yes
configure:22430: checking for python3
configure:22453: found /home/ama55id/miniconda3/bin/python3
configure:22465: result: /home/ama55id/miniconda3/bin/python3
configure:22483: checking for Python3 include path
configure:22488: result: /home/ama55id/miniconda3/include/python3.11
configure:22492: checking for /home/ama55id/miniconda3/include/python3.11/Python.h
configure:22496: result: yes
configure:22499: checking for Python3 ldflags
configure:22512: result: 
configure:22515: checking for Python3 extension linker
configure:22520: result: gcc -pthread -B /home/ama55id/miniconda3/compiler_compat -shared  -Wl,-rpath,/home/ama55id/miniconda3/lib -Wl,-rpath-link,/home/ama55id/miniconda3/lib -L/home/ama55id/miniconda3/lib -Wl,-rpath,/home/ama55id/miniconda3/lib -Wl,-rpath-link,/home/ama55id/miniconda3/lib -L/home/ama55id/miniconda3/lib
configure:22523: checking for directory to install Python3 scripts in
configure:22532: result: ${prefix}/lib/python3.11/site-packages
configure:22536: checking for directory to install architecture dependent python3 things in
configure:22544: result: ${exec_prefix}/lib/python3.11/site-packages
configure:22548: checking for Python3 module extension
configure:22553: result: .cpython-311-x86_64-linux-gnu.so
configure:22556: checking for Python3 tag for cached compiled scripts
configure:22561: result: cpython-311
configure:22564: checking for Python3 extension of cached and optimized bytecode
configure:22570: result: cpython-311.opt-1.pyc
configure:22808: checking for doxygen
configure:22844: result: no
configure:22854: checking for dot
configure:22890: result: no
configure:22900: checking for grep
configure:22923: found /usr/bin/grep
configure:22936: result: /usr/bin/grep
configure:22946: checking for perl
configure:22969: found /usr/bin/perl
configure:22982: result: /usr/bin/perl
configure:22994: checking for sphinx-build
configure:23029: result: no
configure:22994: checking for sphinx-build3
configure:23029: result: no
configure:23080: checking for doc/doxygen/xml/index.xml
configure:23083: result: yes
configure:23103: WARNING: sphinx-build is required to build the reference manual
configure:23147: WARNING: Could not find pdflatex!
configure:23149: WARNING: deactivating automatic (re)generation of reference manual!
configure:23271: WARNING: makeindex command not found on your system!
configure:23273: WARNING: deactivating automatic (re)generation of reference manual!
configure:23286: WARNING: bibtex command not found on your system!
configure:23288: WARNING: deactivating automatic (re)generation of reference manual!
configure:23329: checking for doc/RNAlib-2.6.4.pdf
configure:23332: result: yes
configure:23361: checking for doc/build/html/index.html
configure:23364: result: yes
configure:23654: checking for htlatex
configure:23690: result: no
configure:23717: WARNING: Could not find pdflatex!
configure:23719: WARNING: deactivating automatic (re)generation of tutorial!
configure:23839: checking for RNA-Tutorial/RNA-tutorial-2.6.4.pdf
configure:23842: result: yes
configure:24080: WARNING: Could not find pdflatex!
configure:24082: WARNING: deactivating automatic (re)generation of CLA!
configure:24170: checking for doc/CLA/ViennaRNA-CLA-Individual.pdf
configure:24173: result: yes
configure:24184: checking for doc/CLA/ViennaRNA-CLA-Entity.pdf
configure:24187: result: yes
configure:24581: checking for CHECK
configure:24645: result: no
configure:24648: WARNING: check not found -- will not build C-library Unit tests
configure:24680: checking for diff
configure:24703: found /usr/bin/diff
configure:24715: result: /usr/bin/diff
configure:24848: checking for xxd
configure:24871: found /usr/bin/xxd
configure:24884: result: /usr/bin/xxd
configure:24905: checking for gengetopt
configure:24941: result: no
configure:24962: checking for help2man
configure:24998: result: no
configure:25292: checking whether g++ supports C++17 features with -std=c++17
configure:26093: g++ -std=c++17 -c -g -O2  conftest.cpp >&5
configure:26093: $? = 0
configure:26103: result: yes
configure:26148: checking for ./src/dlib-19.24/dlib/all/source.cpp
configure:26151: result: yes
configure:26269: checking for ./src/Kinfold/Makefile.am
configure:26272: result: yes
configure:26338: checking for ./src/RNAforester/Makefile.am
configure:26341: result: yes
configure:26550: checking for ./src/RNAlocmin/Makefile.am
configure:26553: result: yes
configure:26619: checking for ./src/RNAxplorer/Makefile.am
configure:26622: result: yes
configure:26707: checking for g77
configure:26742: result: no
configure:26707: checking for xlf
configure:26742: result: no
configure:26707: checking for f77
configure:26742: result: no
configure:26707: checking for frt
configure:26742: result: no
configure:26707: checking for pgf77
configure:26742: result: no
configure:26707: checking for cf77
configure:26742: result: no
configure:26707: checking for fort77
configure:26742: result: no
configure:26707: checking for fl32
configure:26742: result: no
configure:26707: checking for af77
configure:26742: result: no
configure:26707: checking for xlf90
configure:26742: result: no
configure:26707: checking for f90
configure:26742: result: no
configure:26707: checking for pgf90
configure:26742: result: no
configure:26707: checking for pghpf
configure:26742: result: no
configure:26707: checking for epcf90
configure:26742: result: no
configure:26707: checking for gfortran
configure:26742: result: no
configure:26707: checking for g95
configure:26742: result: no
configure:26707: checking for xlf95
configure:26742: result: no
configure:26707: checking for f95
configure:26742: result: no
configure:26707: checking for fort
configure:26742: result: no
configure:26707: checking for ifort
configure:26742: result: no
configure:26707: checking for ifc
configure:26742: result: no
configure:26707: checking for efc
configure:26742: result: no
configure:26707: checking for pgfortran
configure:26742: result: no
configure:26707: checking for pgf95
configure:26742: result: no
configure:26707: checking for lf95
configure:26742: result: no
configure:26707: checking for ftn
configure:26742: result: no
configure:26707: checking for nagfor
configure:26742: result: no
configure:26765: checking for Fortran 77 compiler version
configure:26774:  --version >&5
./configure: line 26776: --version: command not found
configure:26785: $? = 127
configure:26774:  -v >&5
./configure: line 26776: -v: command not found
configure:26785: $? = 127
configure:26774:  -V >&5
./configure: line 26776: -V: command not found
configure:26785: $? = 127
configure:26774:  -qversion >&5
./configure: line 26776: -qversion: command not found
configure:26785: $? = 127
configure:26794: checking whether the compiler supports GNU Fortran 77
configure:26818: result: no
configure:26826: checking whether  accepts -g
configure:26847: result: no
configure:29861: WARNING:
========================================
Unable to detect all lapack requirements
to build the subpackage RNAxplorer!

  (missing fortran compiler)

Deactivating build of RNAxplorer...
========================================
configure:30045: checking that generated files are newer than configure
configure:30051: result: done
configure:30246: creating ./config.status

## ---------------------- ##
## Running config.status. ##
## ---------------------- ##

This file was extended by ViennaRNA config.status 2.6.4, which was
generated by GNU Autoconf 2.71.  Invocation command line was

  CONFIG_FILES    = 
  CONFIG_HEADERS  = 
  CONFIG_LINKS    = 
  CONFIG_COMMANDS = 
  $ ./config.status 

on wbbiad010

config.status:1830: creating packaging/macosx/Makefile
config.status:1830: creating packaging/macosx/Distribution.xml
config.status:1830: creating packaging/macosx/resources/welcome.txt
config.status:1830: creating src/ViennaRNA/plotting/naview/Makefile
config.status:1830: creating interfaces/Perl/Makefile
config.status:1830: creating interfaces/Perl/version.i
config.status:1830: creating interfaces/Python/Makefile
config.status:1830: creating interfaces/Python/version.i
config.status:1830: creating interfaces/Python/RNA/__init__.py
config.status:1830: creating setup.py
config.status:1830: creating setup.cfg
config.status:1830: creating pyproject.toml
config.status:1830: creating doc/doxygen/doxygen.conf
config.status:1830: creating doc/conf.py
config.status:1830: creating doc/source/conf.py
config.status:1830: creating doc/source/install.rst
config.status:1830: creating tests/Makefile
config.status:1830: creating tests/RNApath.py
config.status:1830: creating tests/RNAHelpers.pm
config.status:1830: creating tests/test-env.sh
config.status:1830: creating src/ViennaRNA/static/templates_postscript.h
config.status:1830: creating src/ViennaRNA/static/templates_svg.h
config.status:1830: creating src/ViennaRNA/static/energy_parameter_sets.h
config.status:1830: creating interfaces/parameter_sets.i
config.status:1830: creating src/ViennaRNA/vrna_config.h
config.status:1830: creating misc/Makefile
config.status:1830: creating interfaces/Makefile
config.status:1830: creating Makefile
config.status:1830: creating RNAlib2.pc
config.status:1830: creating src/Utils/Makefile
config.status:1830: creating src/bin/Makefile
config.status:1830: creating src/Makefile
config.status:1830: creating src/ViennaRNA/Makefile
config.status:1830: creating src/ViennaRNA/static/Makefile
config.status:1830: creating man/Makefile
config.status:1830: creating man/cmdlopt.sh
config.status:1830: creating doc/doxygen/Makefile
config.status:1830: creating doc/Makefile
config.status:1830: creating doc/source/man/Makefile
config.status:1830: creating doc/CLA/Makefile
config.status:1830: creating RNA-Tutorial/Makefile
config.status:1830: creating examples/Makefile
config.status:1830: creating packaging/viennarna.spec
config.status:1830: creating packaging/PKGBUILD
config.status:1830: creating packaging/win_installer_archlinux_i686.nsi
config.status:1830: creating packaging/win_installer_archlinux_x86_64.nsi
config.status:1830: creating packaging/win_installer_fedora_i686.nsi
config.status:1830: creating packaging/win_installer_fedora_x86_64.nsi
config.status:1830: creating config.h
config.status:2059: executing depfiles commands
config.status:2136: cd src/ViennaRNA/plotting/naview       && sed -e '/# am--include-marker/d' Makefile         | make -f - am--depfiles
config.status:2141: $? = 0
config.status:2136: cd interfaces/Perl       && sed -e '/# am--include-marker/d' Makefile         | make -f - am--depfiles
config.status:2141: $? = 0
config.status:2136: cd interfaces/Python       && sed -e '/# am--include-marker/d' Makefile         | make -f - am--depfiles
config.status:2141: $? = 0
config.status:2136: cd tests       && sed -e '/# am--include-marker/d' Makefile         | make -f - am--depfiles
config.status:2141: $? = 0
config.status:2136: cd src/Utils       && sed -e '/# am--include-marker/d' Makefile         | make -f - am--depfiles
config.status:2141: $? = 0
config.status:2136: cd src/bin       && sed -e '/# am--include-marker/d' Makefile         | make -f - am--depfiles
config.status:2141: $? = 0
config.status:2136: cd src/ViennaRNA       && sed -e '/# am--include-marker/d' Makefile         | make -f - am--depfiles
config.status:2141: $? = 0
config.status:2059: executing libtool commands
configure:33017: === configuring in src/Kinfold (/mnt/c/Users/ama55id/Nextcloud/RNA_analyzer/rnaanalyzer/bin/ViennaRNA-2.6.4/src/Kinfold)
configure:33078: running /bin/bash ./configure --disable-option-checking '--prefix=/mnt/c/Users/ama55id/Nextcloud/RNA_analyzer/rnaanalyzer/bin/ViennaRNA-2.6.4'  'CC=gcc' 'CXX=g++' 'CFLAGS=-g -O2' 'CXXFLAGS=-g -O2' 'AR=ar' 'RANLIB=ranlib' 'NM=/usr/bin/nm -B' 'VRNA_CFLAGS=-I$(top_srcdir)/../../src/ViennaRNA -I$(top_srcdir)/../../src -DVRNA_WITH_NAVIEW_LAYOUT' 'VRNA_LIBS=-fno-strict-aliasing -L$(top_builddir)/../../src/ViennaRNA -lRNA -fopenmp -lpthread -lstdc++' --cache-file=/dev/null --srcdir=.
configure:33017: === configuring in src/RNAforester (/mnt/c/Users/ama55id/Nextcloud/RNA_analyzer/rnaanalyzer/bin/ViennaRNA-2.6.4/src/RNAforester)
configure:33078: running /bin/bash ./configure --disable-option-checking '--prefix=/mnt/c/Users/ama55id/Nextcloud/RNA_analyzer/rnaanalyzer/bin/ViennaRNA-2.6.4'  'CC=gcc' 'CXX=g++' 'CFLAGS=-g -O2' 'CXXFLAGS=-g -O2' 'AR=ar' 'RANLIB=ranlib' 'NM=/usr/bin/nm -B' 'VRNA_CFLAGS=-I$(top_srcdir)/../../src/ViennaRNA -I$(top_srcdir)/../../src -DVRNA_WITH_NAVIEW_LAYOUT' 'VRNA_LIBS=-fno-strict-aliasing -L$(top_builddir)/../../src/ViennaRNA -lRNA -fopenmp -lpthread -lstdc++' --cache-file=/dev/null --srcdir=.
configure:33017: === configuring in src/RNAlocmin (/mnt/c/Users/ama55id/Nextcloud/RNA_analyzer/rnaanalyzer/bin/ViennaRNA-2.6.4/src/RNAlocmin)
configure:33078: running /bin/bash ./configure --disable-option-checking '--prefix=/mnt/c/Users/ama55id/Nextcloud/RNA_analyzer/rnaanalyzer/bin/ViennaRNA-2.6.4'  'CC=gcc' 'CXX=g++' 'CFLAGS=-g -O2' 'CXXFLAGS=-g -O2' 'AR=ar' 'RANLIB=ranlib' 'NM=/usr/bin/nm -B' 'VRNA_CFLAGS=-I$(top_srcdir)/../../src/ViennaRNA -I$(top_srcdir)/../../src -DVRNA_WITH_NAVIEW_LAYOUT' 'VRNA_LIBS=-fno-strict-aliasing -L$(top_builddir)/../../src/ViennaRNA -lRNA -fopenmp -lpthread -lstdc++' --cache-file=/dev/null --srcdir=.
configure:33742:

======================================
    [1mViennaRNA Package 2.6.4[m
======================================

Successfully configured with the following options:

Sub Packages
------------
  * Kinfold                   : [32;1myes[m
  * RNAforester               : [32;1myes[m
  * Analyse{Dists,Seqs}       : [31;1mno[m
  * RNAlocmin                 : [32;1myes[m
  * Kinwalker                 : [31;1mno[m
  * RNAxplorer                : [31;1mno[m (missing fortran compiler)

Extra Libraries
---------------
  * Support Vector Machine    : [32;1myes[m
  * GNU Scientific Library    : [31;1mno[m
  * GNU MPFR                  : [31;1mno[m

Features
--------
  * Use hash for NR Sampling  : [31;1mno[m
  * C11 features              : [32;1myes[m
  * TTY colors                : [32;1myes[m
  * Float Precision(PF}       : [31;1mno[m
  * Deprecation Warnings      : [31;1mno[m

Optimizations
-------------
  * Auto Vectorization        : [32;1myes[m
  * Explicit SIMD Extension   : [32;1myes[m 
  * Link Time Optimization    : [31;1mno[m
  * POSIX Threads             : [32;1myes[m
  * OpenMP                    : [32;1myes[m

Scripting Language Interfaces
-----------------------------
  * Perl 5                    : [32;1myes[m
  * Python 3.x                : [32;1myes[m
  * Python 2.x                : [31;1mno[m

Documentation
-------------
  * Reference Manual (PDF)    : [32;1myes[m 
  * Reference Manual (HTML)   : [32;1myes[m 
  * Tutorial (PDF)            : [32;1myes[m 
  * Tutorial (HTML)           : [31;1mno[m 
  * CLA (PDF)                 : [32;1myes[m 

Unit Tests
----------
  * Executable Programs       : [32;1myes[m
  * C-Library                 : [31;1mno[m
  * Perl 5 Interface          : [32;1myes[m
  * Python 3.x Interface      : [32;1myes[m
  * Python 2.x Interface      : [31;1mno[m

MacOS X
-------
  * Universal Binary          : [31;1mno[m
  * Installer                 : [31;1mno[m
  * SDK                       : [31;1mno[m

Install Directories
-------------------
  * Executables               : [34;1m/mnt/c/Users/ama55id/Nextcloud/RNA_analyzer/rnaanalyzer/bin/ViennaRNA-2.6.4/bin[m
  * Libraries                 : [34;1m/mnt/c/Users/ama55id/Nextcloud/RNA_analyzer/rnaanalyzer/bin/ViennaRNA-2.6.4/lib[m
  * Header files              : [34;1m/mnt/c/Users/ama55id/Nextcloud/RNA_analyzer/rnaanalyzer/bin/ViennaRNA-2.6.4/include[m
  * Extra Data                : [34;1m/mnt/c/Users/ama55id/Nextcloud/RNA_analyzer/rnaanalyzer/bin/ViennaRNA-2.6.4/share[m
  * Man pages                 : [34;1m/mnt/c/Users/ama55id/Nextcloud/RNA_analyzer/rnaanalyzer/bin/ViennaRNA-2.6.4/share/man[m
  * Documentation             : [34;1m/mnt/c/Users/ama55id/Nextcloud/RNA_analyzer/rnaanalyzer/bin/ViennaRNA-2.6.4/share/doc/ViennaRNA[m
      (HTML)                  : [34;1m/mnt/c/Users/ama55id/Nextcloud/RNA_analyzer/rnaanalyzer/bin/ViennaRNA-2.6.4/share/doc/ViennaRNA/html[m
      (PDF)                   : [34;1m/mnt/c/Users/ama55id/Nextcloud/RNA_analyzer/rnaanalyzer/bin/ViennaRNA-2.6.4/share/doc/ViennaRNA[m
  * Perl5 Interface           : [34;1m[m
      (binaries)              : [34;1m/mnt/c/Users/ama55id/Nextcloud/RNA_analyzer/rnaanalyzer/bin/ViennaRNA-2.6.4/lib/x86_64-linux-gnu/perl/5.30.0[m
      (scripts)               : [34;1m/mnt/c/Users/ama55id/Nextcloud/RNA_analyzer/rnaanalyzer/bin/ViennaRNA-2.6.4/share/perl/5.30.0[m
  * Python 3.x Interface      : [34;1m[m
      (binaries)              : [34;1m/mnt/c/Users/ama55id/Nextcloud/RNA_analyzer/rnaanalyzer/bin/ViennaRNA-2.6.4/lib/python3.11/site-packages[m
      (scripts)               : [34;1m/mnt/c/Users/ama55id/Nextcloud/RNA_analyzer/rnaanalyzer/bin/ViennaRNA-2.6.4/lib/python3.11/site-packages[m
  * Python 2.x Interface      : [31;1mNot to be installed [m
      (binaries)              : [34;1m[m
      (scripts)               : [34;1m[m

[1mYou can run 'make', 'make check', and 'make install' now![m

## ---------------- ##
## Cache variables. ##
## ---------------- ##

ac_cv_build=x86_64-pc-linux-gnu
ac_cv_c_compiler_gnu=yes
ac_cv_c_const=yes
ac_cv_c_inline=inline
ac_cv_cxx_compiler_gnu=yes
ac_cv_env_CCC_set=
ac_cv_env_CCC_value=
ac_cv_env_CC_set=
ac_cv_env_CC_value=
ac_cv_env_CFLAGS_set=
ac_cv_env_CFLAGS_value=
ac_cv_env_CHECK_CFLAGS_set=
ac_cv_env_CHECK_CFLAGS_value=
ac_cv_env_CHECK_LIBS_set=
ac_cv_env_CHECK_LIBS_value=
ac_cv_env_CPPFLAGS_set=
ac_cv_env_CPPFLAGS_value=
ac_cv_env_CPP_set=
ac_cv_env_CPP_value=
ac_cv_env_CXXCPP_set=
ac_cv_env_CXXCPP_value=
ac_cv_env_CXXFLAGS_set=
ac_cv_env_CXXFLAGS_value=
ac_cv_env_CXX_set=
ac_cv_env_CXX_value=
ac_cv_env_DIFF_set=
ac_cv_env_DIFF_value=
ac_cv_env_F77_set=
ac_cv_env_F77_value=
ac_cv_env_FFLAGS_set=
ac_cv_env_FFLAGS_value=
ac_cv_env_GENGETOPT_set=
ac_cv_env_GENGETOPT_value=
ac_cv_env_HELP2MAN_set=
ac_cv_env_HELP2MAN_value=
ac_cv_env_LDFLAGS_set=
ac_cv_env_LDFLAGS_value=
ac_cv_env_LIBS_set=
ac_cv_env_LIBS_value=
ac_cv_env_LT_SYS_LIBRARY_PATH_set=
ac_cv_env_LT_SYS_LIBRARY_PATH_value=
ac_cv_env_PERL_EXT_CPPFLAGS_set=
ac_cv_env_PERL_EXT_CPPFLAGS_value=
ac_cv_env_PERL_EXT_INC_set=
ac_cv_env_PERL_EXT_INC_value=
ac_cv_env_PERL_EXT_LDFLAGS_set=
ac_cv_env_PERL_EXT_LDFLAGS_value=
ac_cv_env_PERL_EXT_LIB_set=
ac_cv_env_PERL_EXT_LIB_value=
ac_cv_env_PERL_EXT_PREFIX_set=
ac_cv_env_PERL_EXT_PREFIX_value=
ac_cv_env_PERL_EXT_SITEARCH_set=
ac_cv_env_PERL_EXT_SITEARCH_value=
ac_cv_env_PERL_EXT_SITELIB_set=
ac_cv_env_PERL_EXT_SITELIB_value=
ac_cv_env_PERL_EXT_SITEPREFIX_set=
ac_cv_env_PERL_EXT_SITEPREFIX_value=
ac_cv_env_PERL_EXT_VENDORARCH_set=
ac_cv_env_PERL_EXT_VENDORARCH_value=
ac_cv_env_PERL_EXT_VENDORLIB_set=
ac_cv_env_PERL_EXT_VENDORLIB_value=
ac_cv_env_PERL_EXT_VENDORPREFIX_set=
ac_cv_env_PERL_EXT_VENDORPREFIX_value=
ac_cv_env_PERL_SO_set=
ac_cv_env_PERL_SO_value=
ac_cv_env_PERL_set=
ac_cv_env_PERL_value=
ac_cv_env_PKG_CONFIG_LIBDIR_set=
ac_cv_env_PKG_CONFIG_LIBDIR_value=
ac_cv_env_PKG_CONFIG_PATH_set=
ac_cv_env_PKG_CONFIG_PATH_value=
ac_cv_env_PKG_CONFIG_set=
ac_cv_env_PKG_CONFIG_value=
ac_cv_env_PYTHON2_DIR_set=
ac_cv_env_PYTHON2_DIR_value=
ac_cv_env_PYTHON2_EXECDIR_set=
ac_cv_env_PYTHON2_EXECDIR_value=
ac_cv_env_PYTHON2_set=
ac_cv_env_PYTHON2_value=
ac_cv_env_PYTHON3_DIR_set=
ac_cv_env_PYTHON3_DIR_value=
ac_cv_env_PYTHON3_EXECDIR_set=
ac_cv_env_PYTHON3_EXECDIR_value=
ac_cv_env_PYTHON3_set=
ac_cv_env_PYTHON3_value=
ac_cv_env_SWIG_set=
ac_cv_env_SWIG_value=
ac_cv_env_USER_AR_set=
ac_cv_env_USER_AR_value=
ac_cv_env_USER_NM_set=
ac_cv_env_USER_NM_value=
ac_cv_env_USER_RANLIB_set=
ac_cv_env_USER_RANLIB_value=
ac_cv_env_XXD_set=
ac_cv_env_XXD_value=
ac_cv_env_build_alias_set=
ac_cv_env_build_alias_value=
ac_cv_env_host_alias_set=
ac_cv_env_host_alias_value=
ac_cv_env_target_alias_set=
ac_cv_env_target_alias_value=
ac_cv_f77_compiler_gnu=no
ac_cv_func_asprintf=yes
ac_cv_func_erand48=yes
ac_cv_func_floor=yes
ac_cv_func_malloc_0_nonnull=yes
ac_cv_func_memmove=yes
ac_cv_func_memset=yes
ac_cv_func_pow=yes
ac_cv_func_realloc_0_nonnull=yes
ac_cv_func_rint=yes
ac_cv_func_sqrt=yes
ac_cv_func_strchr=yes
ac_cv_func_strdup=yes
ac_cv_func_strrchr=yes
ac_cv_func_strstr=yes
ac_cv_func_strtod=yes
ac_cv_func_strtol=yes
ac_cv_func_strtoul=yes
ac_cv_func_vasprintf=yes
ac_cv_header_dlfcn_h=yes
ac_cv_header_float_h=yes
ac_cv_header_inttypes_h=yes
ac_cv_header_limits_h=yes
ac_cv_header_malloc_h=yes
ac_cv_header_math_h=yes
ac_cv_header_minix_config_h=no
ac_cv_header_mpfr_h=no
ac_cv_header_stdarg_h=yes
ac_cv_header_stdbool_h=yes
ac_cv_header_stdint_h=yes
ac_cv_header_stdio_h=yes
ac_cv_header_stdlib_h=yes
ac_cv_header_string_h=yes
ac_cv_header_strings_h=yes
ac_cv_header_sys_stat_h=yes
ac_cv_header_sys_types_h=yes
ac_cv_header_unistd_h=yes
ac_cv_header_wchar_h=yes
ac_cv_host=x86_64-pc-linux-gnu
ac_cv_lib_gsl_gsl_blas_dgemm=no
ac_cv_lib_gslcblas_cblas_dgemm=no
ac_cv_lib_m_exp=yes
ac_cv_objext=o
ac_cv_path_DIFF=/usr/bin/diff
ac_cv_path_EGREP='/usr/bin/grep -E'
ac_cv_path_FGREP='/usr/bin/grep -F'
ac_cv_path_GENGETOPT=no
ac_cv_path_GREP=/usr/bin/grep
ac_cv_path_HELP2MAN=no
ac_cv_path_PERL=/usr/bin/perl
ac_cv_path_PYTHON3=/home/ama55id/miniconda3/bin/python3
ac_cv_path_SED=/usr/bin/sed
ac_cv_path_XXD=/usr/bin/xxd
ac_cv_path_ac_pt_PKG_CONFIG=/mnt/c/Strawberry/perl/bin/pkg-config
ac_cv_path_bibtex=no
ac_cv_path_dot=no
ac_cv_path_doxygen=no
ac_cv_path_grep=/usr/bin/grep
ac_cv_path_htlatex=no
ac_cv_path_install='/usr/bin/install -c'
ac_cv_path_lt_DD=/usr/bin/dd
ac_cv_path_makeindex=no
ac_cv_path_mkdir=/usr/bin/mkdir
ac_cv_path_pdflatex=no
ac_cv_path_perl=/usr/bin/perl
ac_cv_prog_AWK=gawk
ac_cv_prog_CPP='gcc -E'
ac_cv_prog_CXXCPP='g++ -E'
ac_cv_prog_ac_ct_AR=ar
ac_cv_prog_ac_ct_CC=gcc
ac_cv_prog_ac_ct_CXX=g++
ac_cv_prog_ac_ct_FILECMD=file
ac_cv_prog_ac_ct_MANIFEST_TOOL=mt
ac_cv_prog_ac_ct_OBJDUMP=objdump
ac_cv_prog_ac_ct_RANLIB=ranlib
ac_cv_prog_ac_ct_STRIP=strip
ac_cv_prog_cc_c11=
ac_cv_prog_cc_g=yes
ac_cv_prog_cc_stdc=
ac_cv_prog_cxx_11=no
ac_cv_prog_cxx_cxx11=
ac_cv_prog_cxx_g=yes
ac_cv_prog_cxx_stdcxx=
ac_cv_prog_f77_g=no
ac_cv_prog_make_make_set=yes
ac_cv_safe_to_define___extensions__=yes
ac_cv_should_define__xopen_source=no
ac_cv_type__Bool=yes
ac_cv_type_size_t=yes
am_cv_CC_dependencies_compiler_type=gcc3
am_cv_CXX_dependencies_compiler_type=gcc3
am_cv_ar_interface=ar
am_cv_make_support_nested_variables=yes
am_cv_prog_cc_c_o=yes
am_cv_prog_tar_ustar=gnutar
ax_cv_PTHREAD_CLANG=no
ax_cv_PTHREAD_JOINABLE_ATTR=PTHREAD_CREATE_JOINABLE
ax_cv_PTHREAD_PRIO_INHERIT=yes
ax_cv_PTHREAD_SPECIAL_FLAGS=no
ax_cv_c_compiler_vendor=unknown
ax_cv_c_openmp=-fopenmp
ax_cv_check_cflags___ffat_lto_objects=yes
ax_cv_check_cflags___flto=yes
ax_cv_check_cflags___flto_auto=yes
ax_cv_check_cflags___fno_strict_aliasing=yes
ax_cv_check_cflags___ftree_vectorize=yes
ax_cv_check_cxxflags___ffat_lto_objects=yes
ax_cv_check_cxxflags___flto=yes
ax_cv_check_cxxflags___flto_auto=yes
ax_cv_check_cxxflags___fno_strict_aliasing=yes
ax_cv_check_ldflags___fno_strict_aliasing=yes
ax_cv_cxx_compile_cxx17__std_cpp17=yes
ax_cv_cxx_openmp=-fopenmp
lt_cv_ar_at_file=@
lt_cv_archive_cmds_need_lc=no
lt_cv_deplibs_check_method=pass_all
lt_cv_file_magic_cmd='$MAGIC_CMD'
lt_cv_file_magic_test_file=
lt_cv_ld_reload_flag=-r
lt_cv_nm_interface='BSD nm'
lt_cv_objdir=.libs
lt_cv_path_LD=/usr/bin/ld
lt_cv_path_LDCXX='/usr/bin/ld -m elf_x86_64'
lt_cv_path_NM='/usr/bin/nm -B'
lt_cv_path_mainfest_tool=no
lt_cv_prog_compiler_c_o=yes
lt_cv_prog_compiler_c_o_CXX=yes
lt_cv_prog_compiler_pic='-fPIC -DPIC'
lt_cv_prog_compiler_pic_CXX='-fPIC -DPIC'
lt_cv_prog_compiler_pic_works=yes
lt_cv_prog_compiler_pic_works_CXX=yes
lt_cv_prog_compiler_rtti_exceptions=no
lt_cv_prog_compiler_static_works=yes
lt_cv_prog_compiler_static_works_CXX=yes
lt_cv_prog_gnu_ld=yes
lt_cv_prog_gnu_ldcxx=yes
lt_cv_sharedlib_from_linklib_cmd='printf %s\n'
lt_cv_shlibpath_overrides_runpath=yes
lt_cv_sys_global_symbol_pipe='/usr/bin/sed -n -e '\''s/^.*[	 ]\([ABCDGIRSTW][ABCDGIRSTW]*\)[	 ][	 ]*\([_A-Za-z][_A-Za-z0-9]*\)$/\1 \2 \2/p'\'' | /usr/bin/sed '\''/ __gnu_lto/d'\'''
lt_cv_sys_global_symbol_to_c_name_address='/usr/bin/sed -n -e '\''s/^: \(.*\) .*$/  {"\1", (void *) 0},/p'\'' -e '\''s/^[ABCDGIRSTW][ABCDGIRSTW]* .* \(.*\)$/  {"\1", (void *) \&\1},/p'\'''
lt_cv_sys_global_symbol_to_c_name_address_lib_prefix='/usr/bin/sed -n -e '\''s/^: \(.*\) .*$/  {"\1", (void *) 0},/p'\'' -e '\''s/^[ABCDGIRSTW][ABCDGIRSTW]* .* \(lib.*\)$/  {"\1", (void *) \&\1},/p'\'' -e '\''s/^[ABCDGIRSTW][ABCDGIRSTW]* .* \(.*\)$/  {"lib\1", (void *) \&\1},/p'\'''
lt_cv_sys_global_symbol_to_cdecl='/usr/bin/sed -n -e '\''s/^T .* \(.*\)$/extern int \1();/p'\'' -e '\''s/^[ABCDGIRSTW][ABCDGIRSTW]* .* \(.*\)$/extern char \1;/p'\'''
lt_cv_sys_global_symbol_to_import=
lt_cv_sys_max_cmd_len=1572864
lt_cv_to_host_file_cmd=func_convert_file_noop
lt_cv_to_tool_file_cmd=func_convert_file_noop
lt_cv_truncate_bin='/usr/bin/dd bs=4096 count=1'

## ----------------- ##
## Output variables. ##
## ----------------- ##














































  $result = PyUnicode_FromString(str.c_str());
  $result = PyUnicode_FromString(str.c_str());
  $result = PyUnicode_FromString(str.c_str());
  $result = PyUnicode_FromString(str.c_str());
  $result = PyUnicode_FromString(str.c_str());
  $result = PyUnicode_FromString(str.c_str());
  $result = PyUnicode_FromString(str.c_str());
  $result = PyUnicode_FromString(str.c_str());
  $result = PyUnicode_FromString(str.c_str());
  $result = PyUnicode_FromString(str.c_str());
  $result = PyUnicode_FromString(str.c_str());
  $result = PyUnicode_FromString(str.c_str());
  $result = PyUnicode_FromString(str.c_str());
  std::string str( parameter_set_dna_mathews1999, parameter_set_dna_mathews1999 + sizeof (parameter_set_dna_mathews1999) / sizeof (parameter_set_dna_mathews1999[0]) );
  std::string str( parameter_set_dna_mathews1999, parameter_set_dna_mathews1999 + sizeof (parameter_set_dna_mathews1999) / sizeof (parameter_set_dna_mathews1999[0]) );
  std::string str( parameter_set_dna_mathews2004, parameter_set_dna_mathews2004 + sizeof (parameter_set_dna_mathews2004) / sizeof (parameter_set_dna_mathews2004[0]) );
  std::string str( parameter_set_dna_mathews2004, parameter_set_dna_mathews2004 + sizeof (parameter_set_dna_mathews2004) / sizeof (parameter_set_dna_mathews2004[0]) );
  std::string str( parameter_set_rna_andronescu2007, parameter_set_rna_andronescu2007 + sizeof (parameter_set_rna_andronescu2007) / sizeof (parameter_set_rna_andronescu2007[0]) );
  std::string str( parameter_set_rna_andronescu2007, parameter_set_rna_andronescu2007 + sizeof (parameter_set_rna_andronescu2007) / sizeof (parameter_set_rna_andronescu2007[0]) );
  std::string str( parameter_set_rna_langdon2018, parameter_set_rna_langdon2018 + sizeof (parameter_set_rna_langdon2018) / sizeof (parameter_set_rna_langdon2018[0]) );
  std::string str( parameter_set_rna_langdon2018, parameter_set_rna_langdon2018 + sizeof (parameter_set_rna_langdon2018) / sizeof (parameter_set_rna_langdon2018[0]) );
  std::string str( parameter_set_rna_misc_special_hairpins, parameter_set_rna_misc_special_hairpins + sizeof (parameter_set_rna_misc_special_hairpins) / sizeof (parameter_set_rna_misc_special_hairpins[0]) );
  std::string str( parameter_set_rna_misc_special_hairpins, parameter_set_rna_misc_special_hairpins + sizeof (parameter_set_rna_misc_special_hairpins) / sizeof (parameter_set_rna_misc_special_hairpins[0]) );
  std::string str( parameter_set_rna_mod_7DA_parameters, parameter_set_rna_mod_7DA_parameters + sizeof (parameter_set_rna_mod_7DA_parameters) / sizeof (parameter_set_rna_mod_7DA_parameters[0]) );
  std::string str( parameter_set_rna_mod_7DA_parameters, parameter_set_rna_mod_7DA_parameters + sizeof (parameter_set_rna_mod_7DA_parameters) / sizeof (parameter_set_rna_mod_7DA_parameters[0]) );
  std::string str( parameter_set_rna_mod_dihydrouridine_parameters, parameter_set_rna_mod_dihydrouridine_parameters + sizeof (parameter_set_rna_mod_dihydrouridine_parameters) / sizeof (parameter_set_rna_mod_dihydrouridine_parameters[0]) );
  std::string str( parameter_set_rna_mod_dihydrouridine_parameters, parameter_set_rna_mod_dihydrouridine_parameters + sizeof (parameter_set_rna_mod_dihydrouridine_parameters) / sizeof (parameter_set_rna_mod_dihydrouridine_parameters[0]) );
  std::string str( parameter_set_rna_mod_inosine_parameters, parameter_set_rna_mod_inosine_parameters + sizeof (parameter_set_rna_mod_inosine_parameters) / sizeof (parameter_set_rna_mod_inosine_parameters[0]) );
  std::string str( parameter_set_rna_mod_inosine_parameters, parameter_set_rna_mod_inosine_parameters + sizeof (parameter_set_rna_mod_inosine_parameters) / sizeof (parameter_set_rna_mod_inosine_parameters[0]) );
  std::string str( parameter_set_rna_mod_m6A_parameters, parameter_set_rna_mod_m6A_parameters + sizeof (parameter_set_rna_mod_m6A_parameters) / sizeof (parameter_set_rna_mod_m6A_parameters[0]) );
  std::string str( parameter_set_rna_mod_m6A_parameters, parameter_set_rna_mod_m6A_parameters + sizeof (parameter_set_rna_mod_m6A_parameters) / sizeof (parameter_set_rna_mod_m6A_parameters[0]) );
  std::string str( parameter_set_rna_mod_pseudouridine_parameters, parameter_set_rna_mod_pseudouridine_parameters + sizeof (parameter_set_rna_mod_pseudouridine_parameters) / sizeof (parameter_set_rna_mod_pseudouridine_parameters[0]) );
  std::string str( parameter_set_rna_mod_pseudouridine_parameters, parameter_set_rna_mod_pseudouridine_parameters + sizeof (parameter_set_rna_mod_pseudouridine_parameters) / sizeof (parameter_set_rna_mod_pseudouridine_parameters[0]) );
  std::string str( parameter_set_rna_mod_purine_parameters, parameter_set_rna_mod_purine_parameters + sizeof (parameter_set_rna_mod_purine_parameters) / sizeof (parameter_set_rna_mod_purine_parameters[0]) );
  std::string str( parameter_set_rna_mod_purine_parameters, parameter_set_rna_mod_purine_parameters + sizeof (parameter_set_rna_mod_purine_parameters) / sizeof (parameter_set_rna_mod_purine_parameters[0]) );
  std::string str( parameter_set_rna_turner1999, parameter_set_rna_turner1999 + sizeof (parameter_set_rna_turner1999) / sizeof (parameter_set_rna_turner1999[0]) );
  std::string str( parameter_set_rna_turner1999, parameter_set_rna_turner1999 + sizeof (parameter_set_rna_turner1999) / sizeof (parameter_set_rna_turner1999[0]) );
  std::string str( parameter_set_rna_turner2004, parameter_set_rna_turner2004 + sizeof (parameter_set_rna_turner2004) / sizeof (parameter_set_rna_turner2004[0]) );
  std::string str( parameter_set_rna_turner2004, parameter_set_rna_turner2004 + sizeof (parameter_set_rna_turner2004) / sizeof (parameter_set_rna_turner2004[0]) );
  sv_setpv($result, str.c_str());
  sv_setpv($result, str.c_str());
  sv_setpv($result, str.c_str());
  sv_setpv($result, str.c_str());
  sv_setpv($result, str.c_str());
  sv_setpv($result, str.c_str());
  sv_setpv($result, str.c_str());
  sv_setpv($result, str.c_str());
  sv_setpv($result, str.c_str());
  sv_setpv($result, str.c_str());
  sv_setpv($result, str.c_str());
  sv_setpv($result, str.c_str());
  sv_setpv($result, str.c_str());
#include "misc/dna_mathews1999.hex"
#include "misc/dna_mathews2004.hex"
#include "misc/rna_andronescu2007.hex"
#include "misc/rna_langdon2018.hex"
#include "misc/rna_misc_special_hairpins.hex"
#include "misc/rna_mod_7DA_parameters.hex"
#include "misc/rna_mod_dihydrouridine_parameters.hex"
#include "misc/rna_mod_inosine_parameters.hex"
#include "misc/rna_mod_m6A_parameters.hex"
#include "misc/rna_mod_pseudouridine_parameters.hex"
#include "misc/rna_mod_purine_parameters.hex"
#include "misc/rna_turner1999.hex"
#include "misc/rna_turner2004.hex"
#include "postscript/aln_macro_base.hex"
#include "postscript/dot_plot_macro_base.hex"
#include "postscript/dot_plot_macro_linear_data.hex"
#include "postscript/dot_plot_macro_sc_motifs.hex"
#include "postscript/dot_plot_macro_sd.hex"
#include "postscript/dot_plot_macro_turn.hex"
#include "postscript/dot_plot_macro_ud.hex"
#include "postscript/structure_plot_macro_base.hex"
#include "postscript/structure_plot_macro_extras.hex"
#include "svg/structure_plot_footer.hex"
#include "svg/structure_plot_header.hex"
%typemap(varout) const unsigned char parameter_set_dna_mathews1999[] {
%typemap(varout) const unsigned char parameter_set_dna_mathews1999[] {
%typemap(varout) const unsigned char parameter_set_dna_mathews2004[] {
%typemap(varout) const unsigned char parameter_set_dna_mathews2004[] {
%typemap(varout) const unsigned char parameter_set_rna_andronescu2007[] {
%typemap(varout) const unsigned char parameter_set_rna_andronescu2007[] {
%typemap(varout) const unsigned char parameter_set_rna_langdon2018[] {
%typemap(varout) const unsigned char parameter_set_rna_langdon2018[] {
%typemap(varout) const unsigned char parameter_set_rna_misc_special_hairpins[] {
%typemap(varout) const unsigned char parameter_set_rna_misc_special_hairpins[] {
%typemap(varout) const unsigned char parameter_set_rna_mod_7DA_parameters[] {
%typemap(varout) const unsigned char parameter_set_rna_mod_7DA_parameters[] {
%typemap(varout) const unsigned char parameter_set_rna_mod_dihydrouridine_parameters[] {
%typemap(varout) const unsigned char parameter_set_rna_mod_dihydrouridine_parameters[] {
%typemap(varout) const unsigned char parameter_set_rna_mod_inosine_parameters[] {
%typemap(varout) const unsigned char parameter_set_rna_mod_inosine_parameters[] {
%typemap(varout) const unsigned char parameter_set_rna_mod_m6A_parameters[] {
%typemap(varout) const unsigned char parameter_set_rna_mod_m6A_parameters[] {
%typemap(varout) const unsigned char parameter_set_rna_mod_pseudouridine_parameters[] {
%typemap(varout) const unsigned char parameter_set_rna_mod_pseudouridine_parameters[] {
%typemap(varout) const unsigned char parameter_set_rna_mod_purine_parameters[] {
%typemap(varout) const unsigned char parameter_set_rna_mod_purine_parameters[] {
%typemap(varout) const unsigned char parameter_set_rna_turner1999[] {
%typemap(varout) const unsigned char parameter_set_rna_turner1999[] {
%typemap(varout) const unsigned char parameter_set_rna_turner2004[] {
%typemap(varout) const unsigned char parameter_set_rna_turner2004[] {
'
'
'
ACLOCAL='${SHELL} '\''/mnt/c/Users/ama55id/Nextcloud/RNA_analyzer/rnaanalyzer/bin/ViennaRNA-2.6.4/config/missing'\'' aclocal-1.16'
AMDEPBACKSLASH='\'
AMDEP_FALSE='#'
AMDEP_TRUE=''
AMTAR='$${TAR-tar}'
AM_BACKSLASH='\'
AM_CFLAGS=''
AM_CPPFLAGS=''
AM_CXXFLAGS=''
AM_DEFAULT_V='$(AM_DEFAULT_VERBOSITY)'
AM_DEFAULT_VERBOSITY='0'
AM_LDFLAGS=''
AM_V='$(V)'
AR='ar'
AUTOCONF='${SHELL} '\''/mnt/c/Users/ama55id/Nextcloud/RNA_analyzer/rnaanalyzer/bin/ViennaRNA-2.6.4/config/missing'\'' autoconf'
AUTOHEADER='${SHELL} '\''/mnt/c/Users/ama55id/Nextcloud/RNA_analyzer/rnaanalyzer/bin/ViennaRNA-2.6.4/config/missing'\'' autoheader'
AUTOMAKE='${SHELL} '\''/mnt/c/Users/ama55id/Nextcloud/RNA_analyzer/rnaanalyzer/bin/ViennaRNA-2.6.4/config/missing'\'' automake-1.16'
AWK='gawk'
BIBTEX_CMD='no'
CC='gcc'
CCDEPMODE='depmode=gcc3'
CFLAGS='-g -O2'
CHECK_CFLAGS=''
CHECK_LIBS=''
CLA_CMD_LATEX='no -interaction=nonstopmode -halt-on-error'
CLA_DOCDIR='doc/CLA'
CLA_E_PDF_NAME='ViennaRNA-CLA-Entity.pdf'
CLA_E_PROJECT_NAME='ViennaRNA-CLA-Entity'
CLA_I_PDF_NAME='ViennaRNA-CLA-Individual.pdf'
CLA_I_PROJECT_NAME='ViennaRNA-CLA-Individual'
CLA_SRCDIR='.'
CLUSTER_DIR=''
CONFIG_DISABLE_C11_FEATURES=''
CONFIG_FLOAT_PF=''
CONFIG_GSL=''
CONFIG_LTO=''
CONFIG_NAVIEW_LAYOUT='#define VRNA_WITH_NAVIEW_LAYOUT'
CONFIG_NR_SAMPLING=''
CONFIG_OPENMP='#define VRNA_WITH_OPENMP'
CONFIG_SVM='#define VRNA_WITH_SVM'
CONFIG_TTY_COLORS=''
CPP='gcc -E'
CPPFLAGS=''
CSCOPE='cscope'
CTAGS='ctags'
CXX='g++ -std=c++17'
CXXCPP='g++ -E -std=c++17'
CXXDEPMODE='depmode=gcc3'
CXXFLAGS='-g -O2'
CYGPATH_W='echo'
DEFS='-DHAVE_CONFIG_H'
DEPDIR='.deps'
DEPRECATION_WARNING=''
DIFF='/usr/bin/diff'
DISABLE_C11_FEATURES=''
DLIB_CPPFLAGS='-I$(top_srcdir)/src/dlib-19.24 -DDLIB_NO_GUI_SUPPORT'
DLIB_DIR='dlib-19.24'
DLIB_VERSION='19.24'
DLLTOOL='false'
DOXYGEN_CONF='doxygen.conf'
DOXYGEN_DOCDIR='doc/doxygen'
DOXYGEN_HAVE_DOT='YES'
DOXYGEN_PROJECT_NAME='RNAlib-2.6.4'
DOXYGEN_SRCDIR='.'
DSYMUTIL=''
DUMPBIN=''
ECHO_C=''
ECHO_N='-n'
ECHO_T=''
EGREP='/usr/bin/grep -E'
ENERGY_PARAMETER_CONST='
ETAGS='etags'
EXEEXT=''
F77=''
FFLAGS=''
FGREP='/usr/bin/grep -F'
FILECMD='file'
FLOAT_PF_FLAG=''
GENGETOPT='no'
GREP='/usr/bin/grep'
GSL_LIBS=''
HAS_SWIG_FALSE=''
HAS_SWIG_TRUE='#'
HAVE_CXX17='1'
HDIUTIL=''
HELP2MAN='no'
INSTALL_DATA='${INSTALL} -m 644'
INSTALL_PROGRAM='${INSTALL}'
INSTALL_SCRIPT='${INSTALL}'
INSTALL_STRIP_PROGRAM='$(install_sh) -c -s'
ISODATE='2024-08-12'
LATEX_CMD='no'
LD='/usr/bin/ld -m elf_x86_64'
LDFLAGS=''
LIBGOMPFLAG='-fopenmp'
LIBOBJS=''
LIBS='-lm '
LIBSVM_DIR='libsvm-3.31'
LIBTOOL='$(SHELL) $(top_builddir)/libtool'
LIBTOOL_DEPS='./config//ltmain.sh'
LIPO=''
LN_S='ln -s'
LTLIBOBJS=''
LTO_CFLAGS='-flto=auto -ffat-lto-objects'
LTO_CXXFLAGS='-flto=auto -ffat-lto-objects'
LTO_LDFLAGS='-flto=auto'
LT_SYS_LIBRARY_PATH=''
MACOSX_INSTALLER=''
MAKEINDEX_CMD='no'
MAKEINFO='${SHELL} '\''/mnt/c/Users/ama55id/Nextcloud/RNA_analyzer/rnaanalyzer/bin/ViennaRNA-2.6.4/config/missing'\'' makeinfo'
MAKE_CLUSTER_FALSE=''
MAKE_CLUSTER_TRUE='#'
MAKE_FORESTER_FALSE='#'
MAKE_FORESTER_TRUE=''
MAKE_KINFOLD_FALSE='#'
MAKE_KINFOLD_TRUE=''
MAKE_RNALOCMIN_FALSE='#'
MAKE_RNALOCMIN_TRUE=''
MAKE_RNAXPLORER_FALSE=''
MAKE_RNAXPLORER_TRUE='#'
MANIFEST_TOOL=':'
MKDIR_P='/usr/bin/mkdir -p'
MPFR_LIBS=''
NAVIEW_DIR='plotting/naview'
NM='/usr/bin/nm -B'
NMEDIT=''
OBJDUMP='objdump'
OBJEXT='o'
OPENMP_CFLAGS='-fopenmp'
OPENMP_CXXFLAGS='-fopenmp'
OTOOL64=''
OTOOL=''
OUR_AR=''
OUR_NM=''
OUR_RANLIB=''
PACKAGE='ViennaRNA'
PACKAGE_BUGREPORT='rna@tbi.univie.ac.at'
PACKAGE_NAME='ViennaRNA'
PACKAGE_STRING='ViennaRNA 2.6.4'
PACKAGE_TARNAME='ViennaRNA'
PACKAGE_URL='https://www.tbi.univie.ac.at/RNA'
PACKAGE_VERSION='2.6.4'
PARAMETER_FILES='misc/dna_mathews1999.par misc/dna_mathews2004.par misc/rna_andronescu2007.par misc/rna_langdon2018.par misc/rna_misc_special_hairpins.par misc/rna_turner1999.par misc/rna_turner2004.par misc/rna_mod_7DA_parameters.json misc/rna_mod_inosine_parameters.json misc/rna_mod_m6A_parameters.json misc/rna_mod_pseudouridine_parameters.json misc/rna_mod_purine_parameters.json misc/rna_mod_dihydrouridine_parameters.json '
PARAMETER_FILES_HEX='misc/dna_mathews1999.hex misc/dna_mathews2004.hex misc/rna_andronescu2007.hex misc/rna_langdon2018.hex misc/rna_misc_special_hairpins.hex misc/rna_turner1999.hex misc/rna_turner2004.hex misc/rna_mod_7DA_parameters.hex misc/rna_mod_inosine_parameters.hex misc/rna_mod_m6A_parameters.hex misc/rna_mod_pseudouridine_parameters.hex misc/rna_mod_purine_parameters.hex misc/rna_mod_dihydrouridine_parameters.hex '
PATH_SEPARATOR=':'
PERL='/usr/bin/perl'
PERL_ARCH_RELATIVE_INSTALL_DIR='/lib/x86_64-linux-gnu/perl/5.30.0'
PERL_EXT_CPPFLAGS='-D_REENTRANT -D_GNU_SOURCE -DDEBIAN -fwrapv -fno-strict-aliasing -pipe -I/usr/local/include'
PERL_EXT_INC='/usr/lib/x86_64-linux-gnu/perl/5.30/CORE'
PERL_EXT_LDFLAGS='-shared -L/usr/local/lib -fstack-protector-strong'
PERL_EXT_LIB='/usr/local/lib/x86_64-linux-gnu/perl/5.30.0'
PERL_EXT_PREFIX='/usr'
PERL_EXT_SITEARCH='/usr/local/lib/x86_64-linux-gnu/perl/5.30.0'
PERL_EXT_SITELIB='/usr/local/share/perl/5.30.0'
PERL_EXT_SITEPREFIX='/usr/local'
PERL_EXT_VENDORARCH='/usr/lib/x86_64-linux-gnu/perl5/5.30'
PERL_EXT_VENDORLIB='/usr/share/perl5'
PERL_EXT_VENDORPREFIX='/usr'
PERL_INTERFACE='Perl'
PERL_LIB_RELATIVE_INSTALL_DIR='/share/perl/5.30.0'
PERL_SO='.so'
PKGBUILD=''
PKGPYEXEC2DIR=''
PKGPYTHON2DIR=''
PKG_CONFIG=''
PKG_CONFIG_LIBDIR=''
PKG_CONFIG_PATH=''
POW_LIB=''
PRODUCTBUILD=''
PS_TEMPLATE_CONST='
PS_TEMPLATE_FILES='postscript/structure_plot_macro_base.ps postscript/structure_plot_macro_extras.ps postscript/dot_plot_macro_base.ps postscript/dot_plot_macro_turn.ps postscript/dot_plot_macro_sd.ps postscript/dot_plot_macro_ud.ps postscript/dot_plot_macro_sc_motifs.ps postscript/dot_plot_macro_linear_data.ps postscript/aln_macro_base.ps '
PS_TEMPLATE_FILES_HEX='postscript/structure_plot_macro_base.hex postscript/structure_plot_macro_extras.hex postscript/dot_plot_macro_base.hex postscript/dot_plot_macro_turn.hex postscript/dot_plot_macro_sd.hex postscript/dot_plot_macro_ud.hex postscript/dot_plot_macro_sc_motifs.hex postscript/dot_plot_macro_linear_data.hex postscript/aln_macro_base.hex '
PTHREAD_CC='gcc'
PTHREAD_CFLAGS='-pthread'
PTHREAD_CXX='g++'
PTHREAD_LIBS='-lpthread'
PYEXEC2DIR=''
PYTHON2=''
PYTHON2DIR=''
PYTHON2_DIR=''
PYTHON2_EXECDIR=''
PYTHON2_INC=''
PYTHON2_INTERFACE=''
PYTHON2_LD=''
PYTHON2_LDFLAGS=''
PYTHON2_SO=''
PYTHON3='/home/ama55id/miniconda3/bin/python3'
PYTHON3_CACHE_OPT1_EXT='cpython-311.opt-1.pyc'
PYTHON3_CACHE_TAG='cpython-311'
PYTHON3_DIR='${prefix}/lib/python3.11/site-packages'
PYTHON3_EXECDIR='${exec_prefix}/lib/python3.11/site-packages'
PYTHON3_INC='/home/ama55id/miniconda3/include/python3.11'
PYTHON3_LD='gcc -pthread -B /home/ama55id/miniconda3/compiler_compat -shared  -Wl,-rpath,/home/ama55id/miniconda3/lib -Wl,-rpath-link,/home/ama55id/miniconda3/lib -L/home/ama55id/miniconda3/lib -Wl,-rpath,/home/ama55id/miniconda3/lib -Wl,-rpath-link,/home/ama55id/miniconda3/lib -L/home/ama55id/miniconda3/lib'
PYTHON3_LDFLAGS=''
PYTHON3_SO='.cpython-311-x86_64-linux-gnu.so'
PYTHON_INTERFACE='Python'
RANLIB='ranlib'
REFDOC_PREDEF_FLOAT_PF=''
REFDOC_PREDEF_SVM='VRNA_WITH_SVM'
REFERENCE_MANUAL_PDF_NAME='RNAlib-2.6.4.pdf'
REFERENCE_MANUAL_TAGFILE='RNAlib-2.6.4.tag'
RNA_CFLAGS='-fno-strict-aliasing -fopenmp -ftree-vectorize'
RNA_CPPFLAGS='-DVRNA_WITH_NAVIEW_LAYOUT'
RNA_CXXFLAGS='-fno-strict-aliasing -fopenmp'
RNA_LDFLAGS='-fno-strict-aliasing'
SED='/usr/bin/sed'
SETUPCFG_GSL_LIBS=''
SETUPCFG_GSL_MACRO=''
SETUPCFG_MPFR_LIBS=''
SETUPCFG_MPFR_MACRO=''
SETUPCFG_NAVIEW_MACRO='naview_macro  = VRNA_WITH_NAVIEW_LAYOUT'
SETUPCFG_OPENMP_FLAGS='openmp_cflags = -fopenmp'
SETUPCFG_OPENMP_MACRO='openmp_macro  = VRNA_WITH_OPENMP'
SETUPCFG_SVM_LIBS='svm_libs  = stdc++'
SETUPCFG_SVM_MACRO='svm_macro = VRNA_WITH_SVM'
SETUPCFG_SW_GSL='False'
SETUPCFG_SW_MPFR='False'
SETUPCFG_SW_NAVIEW='True'
SETUPCFG_SW_OPENMP='True'
SETUPCFG_SW_SIMD='True'
SETUPCFG_SW_SVM='True'
SET_MAKE=''
SHELL='/bin/bash'
SIMD_AVX512_FLAGS='-mavx512f'
SIMD_SSE41_FLAGS='-msse4.1'
SPHINXBUILD='no'
SPHINX_CMD_BIBTEX='no'
SPHINX_CMD_LATEX='no -interaction=nonstopmode -halt-on-error'
SPHINX_CMD_MAKEINDEX='no'
SPHINX_SRCDIR='doc/source'
STRIP='strip'
SVG_TEMPLATE_CONST='
SVG_TEMPLATE_FILES='svg/structure_plot_header.svg svg/structure_plot_footer.svg '
SVG_TEMPLATE_FILES_HEX='svg/structure_plot_header.hex svg/structure_plot_footer.hex '
SVM_LIBS='-lstdc++'
SVM_VERSION='3.31'
SWIG=''
SWIG_ENERGY_PARAMETER_CONST_PERL5='
SWIG_ENERGY_PARAMETER_CONST_PYTHON='
SWIG_LIB=''
TUTORIAL_CMD_HTLATEX=''
TUTORIAL_CMD_LATEX='no -interaction=nonstopmode -halt-on-error'
TUTORIAL_DOCDIR='RNA-Tutorial'
TUTORIAL_PDF_NAME='RNA-tutorial-2.6.4.pdf'
TUTORIAL_PROJECT_NAME='RNA-tutorial-2.6.4'
TUTORIAL_SRCDIR='.'
USER_AR=''
USER_NM=''
USER_RANLIB=''
VERSION='2.6.4'
VRNA_AM_SWITCH_BUILD_MANPAGES_FALSE=''
VRNA_AM_SWITCH_BUILD_MANPAGES_TRUE='#'
VRNA_AM_SWITCH_GSL_FALSE=''
VRNA_AM_SWITCH_GSL_TRUE='#'
VRNA_AM_SWITCH_HAS_GENGETOPT_FALSE=''
VRNA_AM_SWITCH_HAS_GENGETOPT_TRUE='#'
VRNA_AM_SWITCH_HAS_XXD_FALSE='#'
VRNA_AM_SWITCH_HAS_XXD_TRUE=''
VRNA_AM_SWITCH_LTO_FALSE=''
VRNA_AM_SWITCH_LTO_TRUE='#'
VRNA_AM_SWITCH_MPFR_FALSE=''
VRNA_AM_SWITCH_MPFR_TRUE='#'
VRNA_AM_SWITCH_NAVIEW_FALSE='#'
VRNA_AM_SWITCH_NAVIEW_TRUE=''
VRNA_AM_SWITCH_PTHREADS_FALSE='#'
VRNA_AM_SWITCH_PTHREADS_TRUE=''
VRNA_AM_SWITCH_SIMD_AVX512_FALSE='#'
VRNA_AM_SWITCH_SIMD_AVX512_TRUE=''
VRNA_AM_SWITCH_SIMD_SSE41_FALSE='#'
VRNA_AM_SWITCH_SIMD_SSE41_TRUE=''
VRNA_AM_SWITCH_STATIC_EXECUTABLES_FALSE=''
VRNA_AM_SWITCH_STATIC_EXECUTABLES_TRUE='#'
VRNA_AM_SWITCH_SVM_FALSE='#'
VRNA_AM_SWITCH_SVM_TRUE=''
VRNA_CFLAGS=' -I$(top_srcdir)/../../src/ViennaRNA -I$(top_srcdir)/../../src -DVRNA_WITH_NAVIEW_LAYOUT'
VRNA_LIBS=' -fno-strict-aliasing -L$(top_builddir)/../../src/ViennaRNA -lRNA -fopenmp  -lpthread  -lstdc++'
VRNA_VERSION_MAJOR='2'
VRNA_VERSION_MINOR='6'
VRNA_VERSION_PATCH='4'
WITH_CHECK_FALSE=''
WITH_CHECK_TRUE='#'
WITH_CLA_BUILD_FALSE=''
WITH_CLA_BUILD_TRUE='#'
WITH_CLA_FALSE='#'
WITH_CLA_PDF_FALSE='#'
WITH_CLA_PDF_TRUE=''
WITH_CLA_TRUE=''
WITH_COLOR_MAKE_FALSE='#'
WITH_COLOR_MAKE_TRUE=''
WITH_EXECUTABLE_TESTS_FALSE='#'
WITH_EXECUTABLE_TESTS_TRUE=''
WITH_MACOSX_INSTALLER_FALSE=''
WITH_MACOSX_INSTALLER_TRUE='#'
WITH_PERL_TESTS_FALSE='#'
WITH_PERL_TESTS_TRUE=''
WITH_PYTHON2_TESTS_FALSE=''
WITH_PYTHON2_TESTS_TRUE='#'
WITH_PYTHON_TESTS_FALSE='#'
WITH_PYTHON_TESTS_TRUE=''
WITH_REFERENCE_MANUAL_BUILD_FALSE=''
WITH_REFERENCE_MANUAL_BUILD_TRUE='#'
WITH_REFERENCE_MANUAL_FALSE='#'
WITH_REFERENCE_MANUAL_HTML_FALSE='#'
WITH_REFERENCE_MANUAL_HTML_TRUE=''
WITH_REFERENCE_MANUAL_PDF_FALSE='#'
WITH_REFERENCE_MANUAL_PDF_TRUE=''
WITH_REFERENCE_MANUAL_TRUE=''
WITH_REFERENCE_MANUAL_XML_FALSE='#'
WITH_REFERENCE_MANUAL_XML_TRUE=''
WITH_TTY_COLORS_FALSE='#'
WITH_TTY_COLORS_TRUE=''
WITH_TUTORIAL_BUILD_FALSE=''
WITH_TUTORIAL_BUILD_TRUE='#'
WITH_TUTORIAL_FALSE='#'
WITH_TUTORIAL_HTML_FALSE=''
WITH_TUTORIAL_HTML_TRUE='#'
WITH_TUTORIAL_PDF_FALSE='#'
WITH_TUTORIAL_PDF_TRUE=''
WITH_TUTORIAL_TRUE=''
WITH_UNIT_TESTS_FALSE='#'
WITH_UNIT_TESTS_TRUE=''
XXD='/usr/bin/xxd'
ac_ct_AR='ar'
ac_ct_CC='gcc'
ac_ct_CXX='g++'
ac_ct_DUMPBIN=''
ac_ct_F77=''
am__EXEEXT_FALSE=''
am__EXEEXT_TRUE='#'
am__fastdepCC_FALSE='#'
am__fastdepCC_TRUE=''
am__fastdepCXX_FALSE='#'
am__fastdepCXX_TRUE=''
am__include='include'
am__isrc=''
am__leading_dot='.'
am__nodep='_no'
am__quote=''
am__tar='tar --format=ustar -chf - "$$tardir"'
am__untar='tar -xf -'
am__v_CCLD_0='@[ -t 1 ] && printf "  \033[01;34mCCLD\033[00m     %s\n" $@ || echo "  CCLD     $@";'
am__v_CC_0='@[ -t 1 ] && printf "  \033[01;34mCC\033[00m       %s\n" $@ || echo "  CC       $@";'
am__v_CXXLD_0='@[ -t 1 ] && printf "  \033[01;34mCXXLD\033[00m    %s\n" $@ || echo "  CXXLD    $@";'
am__v_CXX_0='@[ -t 1 ] && printf "  \033[01;34mCXX\033[00m      %s\n" $@ || echo "  CXX      $@";'
am__v_GEN_0='@[ -t 1 ] && printf "  \033[01;34mGEN\033[00m      %s\n" $@ || echo "  GEN      $@";'
ax_pthread_config=''
bibtex='no'
bindir='${exec_prefix}/bin'
build='x86_64-pc-linux-gnu'
build_alias=''
build_cpu='x86_64'
build_os='linux-gnu'
build_vendor='pc'
datadir='${datarootdir}'
datarootdir='${prefix}/share'
docdir='${datarootdir}/doc/${PACKAGE_TARNAME}'
dot='no'
doxygen='no'
dvidir='${docdir}'
exec_prefix='${prefix}'
grep='/usr/bin/grep'
host='x86_64-pc-linux-gnu'
host_alias=''
host_cpu='x86_64'
host_os='linux-gnu'
host_vendor='pc'
htlatex='no'
htmldir='${datarootdir}/doc/${PACKAGE_TARNAME}/html'
includedir='${prefix}/include'
infodir='${datarootdir}/info'
install_sh='${SHELL} /mnt/c/Users/ama55id/Nextcloud/RNA_analyzer/rnaanalyzer/bin/ViennaRNA-2.6.4/config/install-sh'
libdir='${exec_prefix}/lib'
libexecdir='${exec_prefix}/libexec'
localedir='${datarootdir}/locale'
localstatedir='${prefix}/var'
makeindex='no'
mandir='${datarootdir}/man'
mkdir_p='$(MKDIR_P)'
oldincludedir='/usr/include'
pdfdir='${docdir}'
pdflatex='no'
perl='/usr/bin/perl'
prefix='/mnt/c/Users/ama55id/Nextcloud/RNA_analyzer/rnaanalyzer/bin/ViennaRNA-2.6.4'
program_transform_name='s,x,x,'
psdir='${docdir}'
py2execdir=''
py3execdir='${exec_prefix}/lib/python3.11/site-packages'
python2dir=''
python3dir='${prefix}/lib/python3.11/site-packages'
runstatedir='${localstatedir}/run'
sbindir='${exec_prefix}/sbin'
sharedstatedir='${prefix}/com'
static const char SVG_structure_plot_footer[] = {
static const char SVG_structure_plot_header[] = {
static const unsigned char PS_aln_macro_base[] = {
static const unsigned char PS_dot_plot_macro_base[] = {
static const unsigned char PS_dot_plot_macro_linear_data[] = {
static const unsigned char PS_dot_plot_macro_sc_motifs[] = {
static const unsigned char PS_dot_plot_macro_sd[] = {
static const unsigned char PS_dot_plot_macro_turn[] = {
static const unsigned char PS_dot_plot_macro_ud[] = {
static const unsigned char PS_structure_plot_macro_base[] = {
static const unsigned char PS_structure_plot_macro_extras[] = {
static const unsigned char parameter_set_dna_mathews1999[] = {
static const unsigned char parameter_set_dna_mathews2004[] = {
static const unsigned char parameter_set_rna_andronescu2007[] = {
static const unsigned char parameter_set_rna_langdon2018[] = {
static const unsigned char parameter_set_rna_misc_special_hairpins[] = {
static const unsigned char parameter_set_rna_mod_7DA_parameters[] = {
static const unsigned char parameter_set_rna_mod_dihydrouridine_parameters[] = {
static const unsigned char parameter_set_rna_mod_inosine_parameters[] = {
static const unsigned char parameter_set_rna_mod_m6A_parameters[] = {
static const unsigned char parameter_set_rna_mod_pseudouridine_parameters[] = {
static const unsigned char parameter_set_rna_mod_purine_parameters[] = {
static const unsigned char parameter_set_rna_turner1999[] = {
static const unsigned char parameter_set_rna_turner2004[] = {
subdirs=' src/Kinfold src/RNAforester src/RNAlocmin'
sysconfdir='${prefix}/etc'
target_alias=''
}
}
}
}
}
}
}
}
}
}
}
}
}
}
}
}
}
}
}
}
}
}
}
}
}'
}'
};
};
};
};
};
};
};
};
};
};
};
};
};
};
};
};
};
};
};
};
};
};
};
};

## ----------- ##
## confdefs.h. ##
## ----------- ##

/* confdefs.h */
#define PACKAGE_NAME "ViennaRNA"
#define PACKAGE_TARNAME "ViennaRNA"
#define PACKAGE_VERSION "2.6.4"
#define PACKAGE_STRING "ViennaRNA 2.6.4"
#define PACKAGE_BUGREPORT "rna@tbi.univie.ac.at"
#define PACKAGE_URL "https://www.tbi.univie.ac.at/RNA"
#define HAVE_STDIO_H 1
#define HAVE_STDLIB_H 1
#define HAVE_STRING_H 1
#define HAVE_INTTYPES_H 1
#define HAVE_STDINT_H 1
#define HAVE_STRINGS_H 1
#define HAVE_SYS_STAT_H 1
#define HAVE_SYS_TYPES_H 1
#define HAVE_UNISTD_H 1
#define HAVE_WCHAR_H 1
#define STDC_HEADERS 1
#define _ALL_SOURCE 1
#define _DARWIN_C_SOURCE 1
#define _GNU_SOURCE 1
#define _HPUX_ALT_XOPEN_SOCKET_API 1
#define _NETBSD_SOURCE 1
#define _OPENBSD_SOURCE 1
#define _POSIX_PTHREAD_SEMANTICS 1
#define __STDC_WANT_IEC_60559_ATTRIBS_EXT__ 1
#define __STDC_WANT_IEC_60559_BFP_EXT__ 1
#define __STDC_WANT_IEC_60559_DFP_EXT__ 1
#define __STDC_WANT_IEC_60559_FUNCS_EXT__ 1
#define __STDC_WANT_IEC_60559_TYPES_EXT__ 1
#define __STDC_WANT_LIB_EXT2__ 1
#define __STDC_WANT_MATH_SPEC_FUNCS__ 1
#define _TANDEM_SOURCE 1
#define __EXTENSIONS__ 1
#define PACKAGE "ViennaRNA"
#define VERSION "2.6.4"
#define UNUSED __attribute__ ((unused))
#define HAVE_DLFCN_H 1
#define LT_OBJDIR ".libs/"
#define HAVE_LIBM 1
#define HAVE__BOOL 1
#define HAVE_STDBOOL_H 1
#define HAVE_MALLOC_H 1
#define HAVE_FLOAT_H 1
#define HAVE_LIMITS_H 1
#define HAVE_STDLIB_H 1
#define HAVE_STRING_H 1
#define HAVE_STRINGS_H 1
#define HAVE_UNISTD_H 1
#define HAVE_MATH_H 1
#define HAVE_STDARG_H 1
#define HAVE_MALLOC 1
#define HAVE_REALLOC 1
#define HAVE_FLOOR 1
#define HAVE_STRDUP 1
#define HAVE_STRSTR 1
#define HAVE_STRCHR 1
#define HAVE_STRRCHR 1
#define HAVE_STRSTR 1
#define HAVE_STRTOL 1
#define HAVE_STRTOUL 1
#define HAVE_POW 1
#define HAVE_RINT 1
#define HAVE_SQRT 1
#define HAVE_ERAND48 1
#define HAVE_MEMSET 1
#define HAVE_MEMMOVE 1
#define HAVE_ERAND48 1
#define HAVE_ASPRINTF 1
#define HAVE_VASPRINTF 1
#define VRNA_WITH_SVM 1
#define HAVE_OPENMP 1
#define HAVE_OPENMP 1
#define HAVE_PTHREAD_PRIO_INHERIT 1
#define VRNA_WITH_PTHREADS 1
#define VRNA_WITH_SIMD_AVX512 1
#define VRNA_WITH_SIMD_SSE41 1
#define VRNA_WITH_NAVIEW_LAYOUT 1
#define WITH_PERL_INTERFACE 1
#define WITH_PYTHON_INTERFACE 1
#define HAVE_CXX17 1
#define VRNA_VERSION "2.6.4"

configure: exit 0
